M1,M2,M3,M4,R,P,E,RP,RE,PE,Y
5.656,1.352,2.529,5.76,4,1,1,4,4,1,1780.93
5.547,1.434,2.797,6.93,5,1,1,5,5,1,1804.31
5.547,1.434,2.797,6.93,5,1,1,5,5,1,1807.1
5.593,1.542,3.292,3.75,5,1,4,5,20,4,1816.74
5.576,1.446,3.233,8.19,2,1,4,2,8,4,1817.41
5.593,1.542,3.292,3.75,5,1,4,5,20,4,1818.55
5.576,1.446,3.233,8.19,2,1,4,2,8,4,1823.63
5.606,1.352,2.534,4.47,4,1,4,4,16,4,1827.16
5.577,1.633,2.09,3.55,2,1,1,2,2,1,1828.35
5.577,1.633,2.09,3.55,2,1,1,2,2,1,1828.37
5.586,1.445,3.237,6.7,2,1,3,2,6,3,1830.52
5.498,1.865,2.338,4.33,4,5,1,20,4,5,1833.93
5.51,2.015,3.564,5.46,4,3,4,12,16,12,1835.39
5.535,1.867,2.333,4.06,4,5,2,20,8,10,1836.35
5.562,1.547,3.285,3.36,5,1,1,5,5,1,1837.79
5.56,1.431,2.8,7.58,5,1,1,5,5,1,1838.06
5.67,1.375,2.293,6.59,1,4,2,4,2,8,1838.32
5.491,1.351,1.86,3.99,1,6,1,6,1,6,1838.33
5.46,1.463,2.362,6.9,5,4,3,20,15,12,1839.27
5.658,1.739,3.608,3.63,4,6,3,24,12,18,1839.83
5.658,1.739,3.608,3.63,4,6,3,24,12,18,1839.94
5.562,1.547,3.285,3.36,5,1,1,5,5,1,1840.53
5.535,1.867,2.333,4.06,4,5,2,20,8,10,1840.78
5.555,1.879,2.79,7.27,5,6,3,30,15,18,1841.21
5.46,1.463,2.362,6.9,5,4,3,20,15,12,1843.99
5.624,2.085,2.127,5.32,4,6,4,24,16,24,1845.01
5.53,1.546,3.291,8.27,5,1,3,5,15,3,1846.44
5.494,1.636,2.088,3.35,2,1,3,2,6,3,1848.78
5.439,1.331,2.359,3.27,1,4,2,4,2,8,1849.28
5.536,2.015,3.565,7.78,4,3,1,12,4,3,1850.28
5.494,1.636,2.088,3.35,2,1,3,2,6,3,1851.71
5.499,1.558,2.317,7.34,1,1,1,1,1,1,1851.74
5.496,1.607,2.325,6.1,1,5,1,5,1,5,1852.16
5.315,2.18,2.14,3.77,4,1,2,4,8,2,1852.54
5.466,1.484,2.787,4.04,4,3,1,12,4,3,1852.62
5.499,1.558,2.317,7.34,1,1,1,1,1,1,1853.49
5.536,2.015,3.565,7.78,4,3,1,12,4,3,1854.04
5.593,1.352,1.852,3.27,1,6,3,6,3,18,1855.25
5.655,2.083,2.135,5.33,4,6,1,24,4,6,1856.04
5.496,1.607,2.325,6.1,1,5,1,5,1,5,1856.4
5.477,1.585,1.932,9.23,4,7,3,28,12,21,1857.52
5.466,1.484,2.787,4.04,4,3,1,12,4,3,1857.65
5.439,1.468,2.358,5.21,5,4,4,20,20,16,1858.36
5.684,1.903,3.34,3.45,4,1,2,4,8,2,1858.38
5.659,2.251,3.137,4.19,4,1,2,4,8,2,1859.12
5.626,1.377,2.294,8.51,1,4,3,4,3,12,1859.33
5.606,1.546,3.288,4.99,5,1,4,5,20,4,1859.5
5.593,1.352,1.852,3.27,1,6,3,6,3,18,1860.23
5.477,1.585,1.932,9.23,4,7,3,28,12,21,1861.21
5.496,2.095,3.049,9.03,4,4,3,16,12,12,1861.46
5.492,1.672,2.619,7.28,2,3,2,6,4,6,1861.64
5.63,1.876,2.781,3.84,5,6,1,30,5,6,1861.8
5.626,1.377,2.294,8.51,1,4,3,4,3,12,1862.97
5.446,1.611,2.319,3.43,1,5,3,5,3,15,1864.11
5.415,1.891,2.407,9.4,4,4,2,16,8,8,1864.15
5.462,2.021,2.603,3.87,4,5,2,20,8,10,1864.33
5.439,1.468,2.358,5.21,5,4,4,20,20,16,1864.48
5.597,1.436,2.799,3.84,5,1,1,5,5,1,1865.71
5.43,1.762,2.843,3.7,2,6,4,12,8,24,1865.71
5.469,1.484,2.777,5.51,4,3,1,12,4,3,1865.91
5.415,1.891,2.407,9.4,4,4,2,16,8,8,1866
5.496,2.095,3.049,9.03,4,4,3,16,12,12,1866.05
5.43,1.762,2.843,3.7,2,6,4,12,8,24,1866.93
5.446,1.611,2.319,3.43,1,5,3,5,3,15,1868.73
5.7,2.13,1.718,7.16,1,1,1,1,1,1,1869.86
5.676,1.375,2.293,7.85,1,4,4,4,4,16,1870.62
5.676,1.375,2.293,7.85,1,4,4,4,4,16,1872.74
5.568,1.688,3.583,5.91,2,4,4,8,8,16,1872.83
5.519,1.544,3.283,6.79,5,1,3,5,15,3,1873.92
5.609,2.083,2.135,4.35,4,6,3,24,12,18,1874.68
5.254,1.799,2.495,6.6,5,6,2,30,10,12,1874.69
5.7,2.13,1.718,7.16,1,1,1,1,1,1,1874.81
5.532,1.867,2.339,3.72,4,5,3,20,12,15,1875.22
5.426,1.826,2.797,3.24,4,3,3,12,12,9,1876.11
5.543,1.355,1.854,4.32,1,6,4,6,4,24,1876.69
5.532,1.867,2.339,3.72,4,5,3,20,12,15,1877.85
5.543,1.355,1.854,4.32,1,6,4,6,4,24,1879.14
5.511,1.445,3.234,7.29,2,1,1,2,2,1,1881.57
5.454,1.763,3.191,5.7,4,1,4,4,16,4,1881.88
5.525,1.633,2.083,8.93,2,1,4,2,8,4,1882.02
5.46,1.483,2.783,3.98,4,3,3,12,12,9,1882.4
5.426,1.826,2.797,3.24,4,3,3,12,12,9,1882.43
5.525,1.633,2.083,8.93,2,1,4,2,8,4,1882.84
5.398,2.27,2.36,9.22,4,1,3,4,12,3,1883.29
5.511,2.108,2.929,3.59,5,7,1,35,5,7,1883.42
5.254,1.799,2.495,6.6,5,6,2,30,10,12,1884.74
5.46,1.483,2.783,3.98,4,3,3,12,12,9,1886.04
5.393,1.758,2.229,8.89,4,1,2,4,8,2,1886.06
5.474,1.464,2.355,7.91,5,4,3,20,15,12,1886.39
5.423,1.584,1.926,5.47,4,7,2,28,8,14,1887.42
5.249,1.8,2.5,3.35,5,6,3,30,15,18,1887.48
5.423,1.584,1.926,5.47,4,7,2,28,8,14,1888.49
5.649,2.252,3.14,4.89,4,1,4,4,16,4,1888.74
5.564,1.432,2.799,5.54,5,1,4,5,20,4,1889.3
5.595,1.633,2.089,4.77,2,1,2,2,4,2,1889.59
5.249,1.8,2.5,3.35,5,6,3,30,15,18,1890.12
5.338,1.576,2.119,5.07,1,7,4,7,4,28,1890.65
5.511,2.108,2.929,3.59,5,7,1,35,5,7,1891.01
5.438,2.095,3.045,5.37,4,4,3,16,12,12,1891.02
5.509,2.321,2.379,6.5,2,4,1,8,2,4,1891.18
5.595,1.633,2.089,4.77,2,1,2,2,4,2,1891.34
5.649,2.252,3.14,4.89,4,1,4,4,16,4,1891.6
5.338,1.576,2.119,5.07,1,7,4,7,4,28,1891.93
5.528,1.63,2.083,4.8,2,1,4,2,8,4,1892.15
5.422,1.485,2.786,8.48,4,3,1,12,4,3,1892.53
5.693,1.903,3.339,4.37,4,1,4,4,16,4,1892.8
5.568,1.875,2.784,3.19,5,6,4,30,20,24,1892.87
5.422,1.485,2.786,8.48,4,3,1,12,4,3,1893.16
5.474,1.464,2.355,7.91,5,4,3,20,15,12,1893.39
5.393,1.758,2.229,8.89,4,1,2,4,8,2,1893.86
5.589,2.081,2.138,4.67,4,6,2,24,8,12,1893.94
5.528,1.63,2.083,4.8,2,1,4,2,8,4,1894.29
5.406,1.63,2.61,5.78,4,4,2,16,8,8,1894.66
5.428,1.467,2.364,6.3,5,4,3,20,15,12,1894.67
5.441,1.757,3.194,4.45,4,1,2,4,8,2,1894.92
5.603,2.248,3.138,6.45,4,1,4,4,16,4,1895.02
5.428,1.467,2.364,6.3,5,4,3,20,15,12,1895.13
5.474,2.167,2.41,4.39,5,5,2,25,10,10,1895.59
5.374,1.763,2.229,5.64,4,1,3,4,12,3,1895.88
5.519,1.33,2.354,4.1,1,4,3,4,3,12,1896.31
5.451,1.484,2.786,3.16,4,3,1,12,4,3,1896.48
5.568,1.875,2.784,3.19,5,6,4,30,20,24,1896.8
5.497,1.969,1.935,5.28,1,4,1,4,1,4,1897.67
5.374,1.763,2.229,5.64,4,1,3,4,12,3,1898.64
5.67,1.354,2.536,4.35,4,1,5,4,20,5,1898.82
5.406,1.63,2.61,5.78,4,4,2,16,8,8,1898.97
5.364,1.811,1.908,7.8,5,4,2,20,10,8,1898.98
5.438,2.095,3.045,5.37,4,4,3,16,12,12,1899.12
5.564,1.432,2.799,5.54,5,1,4,5,20,4,1899.49
5.519,1.33,2.354,4.1,1,4,3,4,3,12,1899.59
5.693,1.903,3.339,4.37,4,1,4,4,16,4,1899.61
5.444,1.755,2.232,3.83,4,1,3,4,12,3,1899.65
5.274,1.854,2.523,8.94,4,3,4,12,16,12,1899.89
5.328,1.858,2.52,3.92,4,3,1,12,4,3,1900.08
5.426,1.828,2.794,5.39,4,3,3,12,12,9,1900.09
5.355,1.817,1.904,3.05,5,4,3,20,15,12,1900.49
5.328,1.858,2.52,3.92,4,3,1,12,4,3,1900.83
5.491,1.763,3.192,7.8,4,1,1,4,4,1,1901.59
5.487,2.412,2.627,3.04,5,6,3,30,15,18,1902.09
5.612,2.082,2.138,3.16,4,6,3,24,12,18,1902.68
5.474,2.167,2.41,4.39,5,5,2,25,10,10,1902.81
5.444,1.755,2.232,3.83,4,1,3,4,12,3,1903.16
5.5,1.89,2.403,7.03,4,4,2,16,8,8,1903.41
5.491,1.763,3.192,7.8,4,1,1,4,4,1,1903.8
5.49,1.552,2.789,6.65,5,2,4,10,20,8,1904.29
5.467,1.758,2.229,7.29,4,1,3,4,12,3,1904.46
5.5,1.89,2.403,7.03,4,4,2,16,8,8,1904.83
5.497,1.969,1.935,5.28,1,4,1,4,1,4,1905.17
5.3,1.634,2.609,4.2,4,4,1,16,4,4,1906.24
5.604,2.246,3.141,7.73,4,1,2,4,8,2,1906.69
5.393,1.757,2.84,5.62,2,6,1,12,2,6,1907.1
5.472,1.69,3.568,7.86,2,4,3,8,6,12,1908.04
5.472,1.69,3.568,7.86,2,4,3,8,6,12,1908.23
5.371,1.863,2.559,5.05,5,6,2,30,10,12,1908.31
5.355,2.025,1.899,6.72,2,5,4,10,8,20,1909.1
5.384,1.913,3.166,6.09,2,3,4,6,8,12,1910.74
5.428,1.966,1.933,7.74,1,4,4,4,4,16,1910.83
5.393,1.757,2.84,5.62,2,6,1,12,2,6,1910.93
5.49,1.552,2.789,6.65,5,2,4,10,20,8,1911.69
5.467,1.758,2.229,7.29,4,1,3,4,12,3,1912.29
5.593,2.132,1.718,5.97,1,1,3,1,3,3,1912.68
5.495,2.468,2.018,4.59,1,6,4,6,4,24,1913.51
5.308,1.86,2.55,5.8,5,6,2,30,10,12,1913.62
5.384,1.913,3.166,6.09,2,3,4,6,8,12,1913.77
5.387,1.76,2.239,6.1,4,1,3,4,12,3,1914.02
5.652,1.347,2.539,7.45,4,1,5,4,20,5,1914.96
5.334,1.812,1.907,6.15,5,4,3,20,15,12,1914.99
5.638,1.375,2.29,9.02,1,4,4,4,4,16,1915.91
5.613,1.444,3.233,9.88,2,1,3,2,6,3,1916.5
5.565,1.445,3.237,3.72,2,1,4,2,8,4,1916.82
5.638,1.375,2.29,9.02,1,4,4,4,4,16,1917.38
5.356,2.064,2.8,9.26,5,6,2,30,10,12,1917.53
5.593,2.132,1.718,5.97,1,1,3,1,3,3,1917.57
5.451,1.891,2.409,5.3,4,4,1,16,4,4,1917.82
5.522,1.335,2.353,3.85,1,4,3,4,3,12,1918.03
5.583,2.248,3.131,9.83,4,1,4,4,16,4,1918.5
5.348,2.184,1.919,6.55,4,4,3,16,12,12,1918.55
5.308,1.86,2.55,5.8,5,6,2,30,10,12,1919.16
5.487,1.865,2.336,8.36,4,5,2,20,8,10,1919.44
5.49,2.165,2.406,4.16,5,5,1,25,5,5,1919.79
5.477,1.353,1.86,8.75,1,6,2,6,2,12,1920.07
5.449,1.763,3.187,5.37,4,1,3,4,12,3,1920.13
5.525,2.241,2.541,9.99,2,6,4,12,8,24,1920.14
5.46,2.025,2.61,7.04,4,5,3,20,12,15,1920.36
5.481,1.535,2.175,7.02,2,2,4,4,8,8,1920.69
5.399,2.065,2.797,5.89,5,6,3,30,15,18,1921.77
5.461,2.023,2.611,3.83,4,5,4,20,16,20,1921.99
5.32,2.319,2.519,3.86,2,1,2,2,4,2,1922.17
5.482,1.33,2.356,5.78,1,4,3,4,3,12,1922.69
5.583,2.248,3.131,9.83,4,1,4,4,16,4,1922.96
5.356,2.064,2.8,9.26,5,6,2,30,10,12,1922.98
5.439,1.972,1.936,5.78,1,4,4,4,4,16,1923.14
5.46,2.025,2.61,7.04,4,5,3,20,12,15,1923.22
5.461,2.023,2.611,3.83,4,5,4,20,16,20,1923.37
5.568,1.432,2.802,9.72,5,1,1,5,5,1,1924.31
5.399,2.065,2.797,5.89,5,6,3,30,15,18,1924.33
5.418,2.162,2.408,5.2,5,5,2,25,10,10,1924.39
5.541,2.109,2.932,6.57,5,7,3,35,15,21,1924.73
5.369,2.061,2.798,7.27,5,6,1,30,5,6,1924.96
5.435,1.756,2.229,8.87,4,1,1,4,4,1,1925.47
5.512,1.689,3.578,7.89,2,4,1,8,2,4,1925.52
5.49,2.165,2.406,4.16,5,5,1,25,5,5,1925.61
5.477,1.353,1.86,8.75,1,6,2,6,2,12,1925.67
5.335,1.862,2.559,9.65,5,6,3,30,15,18,1926.7
5.525,2.241,2.541,9.99,2,6,4,12,8,24,1927.06
5.481,1.535,2.175,7.02,2,2,4,4,8,8,1927.17
5.335,1.862,2.559,9.65,5,6,3,30,15,18,1927.26
5.491,2.322,2.382,4.91,2,4,1,8,2,4,1927.33
5.562,1.432,2.801,6.07,5,1,7,5,35,7,1927.39
5.545,1.878,2.786,9.78,5,6,1,30,5,6,1927.73
5.48,1.764,2.469,8.65,3,5,3,15,9,15,1927.83
5.518,2.555,2.519,3.23,5,7,1,35,5,7,1927.94
5.356,1.574,2.119,5.32,1,7,3,7,3,21,1928.4
5.405,2.025,1.898,7.89,2,5,3,10,6,15,1928.5
5.468,2.094,3.046,6.32,4,4,2,16,8,8,1929.12
5.243,1.875,1.97,7.73,2,7,2,14,4,14,1929.47
5.487,2.403,2.382,4.98,1,5,3,5,3,15,1929.9
5.511,2.322,2.38,8.54,2,4,4,8,8,16,1930.13
5.442,1.333,2.357,9.31,1,4,2,4,2,8,1930.34
5.468,2.094,3.046,6.32,4,4,2,16,8,8,1930.39
5.517,2.238,2.544,9.84,2,6,4,12,8,24,1930.52
5.409,2.167,2.405,6.45,5,5,3,25,15,15,1930.64
5.439,1.972,1.936,5.78,1,4,4,4,4,16,1930.88
5.518,2.555,2.519,3.23,5,7,1,35,5,7,1930.95
5.174,1.872,1.968,8.05,2,7,4,14,8,28,1930.95
5.472,2.238,2.545,7.75,2,6,3,12,6,18,1931
5.517,2.238,2.544,9.84,2,6,4,12,8,24,1931.3
5.501,1.352,1.854,9.71,1,6,4,6,4,24,1931.57
5.511,2.322,2.38,8.54,2,4,4,8,8,16,1931.87
5.501,1.352,1.854,9.71,1,6,4,6,4,24,1932.48
5.356,1.574,2.119,5.32,1,7,3,7,3,21,1932.5
5.34,1.852,2.205,5.57,1,6,4,6,4,24,1933.07
5.174,1.872,1.968,8.05,2,7,4,14,8,28,1933.3
5.483,1.612,2.323,7.16,1,5,1,5,1,5,1933.39
5.413,1.913,3.175,8.7,2,3,2,6,4,6,1933.43
5.388,2.103,2.874,5.21,1,5,3,5,3,15,1934.2
5.465,2.502,2.298,3.88,1,6,3,6,3,18,1934.38
5.452,2.093,3.044,3.45,4,4,4,16,16,16,1934.6
5.553,1.865,2.339,8.98,4,5,2,20,8,10,1935.75
5.343,2.185,1.925,9.25,4,4,1,16,4,4,1936
5.635,2.128,1.723,5.81,1,1,2,1,2,2,1936.56
5.504,2.11,2.939,7.51,5,7,2,35,10,14,1937.13
5.502,2.16,3.139,4.44,2,1,1,2,2,1,1937.22
5.506,2.108,2.931,3.65,5,7,1,35,5,7,1937.69
5.553,2.559,2.515,3.85,1,3,2,3,2,6,1937.71
5.492,2.61,2.809,4.9,2,4,1,8,2,4,1937.81
5.513,1.845,2.712,4.06,1,7,2,7,2,14,1938.28
5.348,1.631,2.601,9.03,4,4,2,16,8,8,1938.3
5.442,1.879,2.954,9.3,1,6,3,6,3,18,1938.55
5.221,2.453,2.127,6.24,4,6,3,24,12,18,1938.78
5.442,1.333,2.357,9.31,1,4,2,4,2,8,1939.31
5.525,2.019,3.566,4.86,4,3,1,12,4,3,1939.33
5.453,2.166,2.413,5.63,5,5,1,25,5,5,1939.43
5.457,1.844,2.711,9.42,1,7,1,7,1,7,1939.54
5.411,1.757,2.833,8.81,2,6,4,12,8,24,1939.63
5.506,2.108,2.931,3.65,5,7,1,35,5,7,1939.87
5.476,2.321,2.384,3.32,2,4,2,8,4,8,1939.87
5.437,2.779,2.466,3.41,2,7,3,14,6,21,1939.98
5.504,2.11,2.939,7.51,5,7,2,35,10,14,1940.03
5.334,2.072,2.05,4.25,4,7,3,28,12,21,1940.41
5.411,1.757,2.833,8.81,2,6,4,12,8,24,1940.5
5.525,2.556,2.521,8.62,5,7,3,35,15,21,1940.65
5.442,1.879,2.954,9.3,1,6,3,6,3,18,1940.7
5.483,1.612,2.323,7.16,1,5,1,5,1,5,1940.71
5.243,1.875,1.97,7.73,2,7,2,14,4,14,1940.81
5.487,2.609,2.813,9.49,2,4,2,8,4,8,1941.25
5.453,2.166,2.413,5.63,5,5,1,25,5,5,1941.38
5.218,1.799,2.502,7.65,5,6,3,30,15,18,1941.56
5.476,2.321,2.384,3.32,2,4,2,8,4,8,1941.66
5.492,2.61,2.809,4.9,2,4,1,8,2,4,1942.43
5.635,2.128,1.723,5.81,1,1,2,1,2,2,1943.62
5.525,2.556,2.521,8.62,5,7,3,35,15,21,1943.8
5.502,2.16,3.139,4.44,2,1,1,2,2,1,1943.87
5.553,2.559,2.515,3.85,1,3,2,3,2,6,1943.88
5.289,1.577,2.124,3.58,1,7,3,7,3,21,1943.93
5.373,2.183,1.926,6.96,4,4,4,16,16,16,1944.16
5.221,2.453,2.127,6.24,4,6,3,24,12,18,1944.35
5.334,2.072,2.05,4.25,4,7,3,28,12,21,1944.42
5.238,1.95,2.959,3.2,2,1,1,2,2,1,1944.45
5.382,2.05,2.34,4.84,4,6,4,24,16,24,1944.94
5.597,1.355,2.53,3.75,4,1,7,4,28,7,1945.15
5.507,2.094,3.048,6.63,4,4,3,16,12,12,1945.34
5.507,2.094,3.048,6.63,4,4,3,16,12,12,1945.66
5.457,2.165,2.402,7.52,5,5,4,25,20,20,1946.02
5.38,1.641,2.952,4.95,2,2,2,4,4,4,1946.17
5.432,1.754,2.838,7.11,2,6,1,12,2,6,1946.2
5.518,2.407,2.378,5.93,1,5,4,5,4,20,1946.21
5.396,2.161,3.137,5.61,2,1,1,2,2,1,1946.49
5.334,1.813,1.912,9.24,5,4,2,20,10,8,1947.63
5.481,1.539,2.174,6.27,2,2,1,4,2,2,1948.17
5.562,1.558,2.79,6.56,5,2,2,10,10,4,1948.22
5.448,1.688,3.578,8.14,2,4,2,8,4,8,1948.62
5.252,1.872,1.972,7.8,2,7,3,14,6,21,1948.69
5.538,2.017,3.568,4.59,4,3,2,12,8,6,1948.7
5.46,2.159,3.133,7.52,2,1,3,2,6,3,1948.93
5.535,1.559,2.79,7.26,5,2,1,10,5,2,1949.35
5.494,2.729,2.47,3.66,5,3,2,15,10,6,1949.56
5.282,1.798,2.499,7.81,5,6,2,30,10,12,1950.42
5.396,2.161,3.137,5.61,2,1,1,2,2,1,1950.43
5.403,1.851,2.204,6.84,1,6,3,6,3,18,1950.54
5.366,2.186,1.924,6.92,4,4,2,16,8,8,1950.74
5.499,1.689,3.579,5.9,2,4,5,8,10,20,1950.79
5.562,1.558,2.79,6.56,5,2,2,10,10,4,1951.14
5.312,2.075,2.053,9.87,4,7,2,28,8,14,1951.31
5.378,1.829,2.792,6.77,4,3,1,12,4,3,1951.42
5.538,2.466,2.017,3.41,1,6,3,6,3,18,1951.46
5.347,2.68,2.228,9.13,2,5,1,10,2,5,1951.48
5.198,1.984,2.653,5,5,5,3,25,15,15,1951.64
5.436,1.765,2.464,3.15,3,5,3,15,9,15,1952.36
5.312,2.075,2.053,9.87,4,7,2,28,8,14,1952.4
5.538,2.466,2.017,3.41,1,6,3,6,3,18,1952.45
5.498,1.538,2.173,5.11,2,2,2,4,4,4,1952.92
5.328,2.108,2.869,6.96,1,5,2,5,2,10,1953
5.198,1.984,2.653,5,5,5,3,25,15,15,1953.1
5.491,1.558,2.316,9.82,1,1,1,1,1,1,1953.25
5.493,2.11,2.934,8.71,5,7,3,35,15,21,1953.33
5.451,2.064,2.926,8.91,1,5,1,5,1,5,1953.39
5.281,2.323,2.511,3.84,2,1,1,2,2,1,1953.7
5.493,2.11,2.934,8.71,5,7,3,35,15,21,1953.96
5.562,2.997,2.562,4.54,4,4,3,16,12,12,1954.02
5.328,2.108,2.869,6.96,1,5,2,5,2,10,1954.04
5.457,2.556,2.521,8.02,5,7,2,35,10,14,1954.57
5.368,2.106,2.872,5.66,1,5,3,5,3,15,1955.03
5.436,1.765,2.464,3.15,3,5,3,15,9,15,1955.11
5.365,1.575,2.125,6.19,1,7,3,7,3,21,1955.35
5.324,2.319,2.516,6.9,2,1,4,2,8,4,1955.46
5.352,2.678,2.321,4.04,2,3,4,6,8,12,1955.55
5.414,2.332,2.386,4.49,1,3,3,3,3,9,1955.63
5.562,1.443,3.24,8.72,2,1,3,2,6,3,1955.83
5.368,2.27,2.36,7.07,4,1,1,4,4,1,1956.41
5.352,2.678,2.321,4.04,2,3,4,6,8,12,1956.47
5.43,1.76,3.192,8.66,4,1,4,4,16,4,1956.51
5.271,2.99,2.465,3.34,4,1,1,4,4,1,1956.54
5.407,1.632,2.606,5.41,4,4,4,16,16,16,1956.62
5.562,2.997,2.562,4.54,4,4,3,16,12,12,1956.65
5.324,2.319,2.516,6.9,2,1,4,2,8,4,1956.86
5.446,1.672,2.615,6.36,2,3,1,6,2,3,1957.09
5.368,2.27,2.36,7.07,4,1,1,4,4,1,1957.18
5.407,1.632,2.606,5.41,4,4,4,16,16,16,1957.31
5.457,2.556,2.521,8.02,5,7,2,35,10,14,1957.61
5.43,1.76,3.192,8.66,4,1,4,4,16,4,1957.62
5.561,2.408,2.384,5.26,1,5,1,5,1,5,1957.63
5.318,2.179,2.145,7.61,4,1,3,4,12,3,1957.66
5.561,2.408,2.384,5.26,1,5,1,5,1,5,1957.86
5.5,2.413,2.636,8.23,5,6,2,30,10,12,1957.99
5.5,2.413,2.636,8.23,5,6,2,30,10,12,1958.01
5.538,2.017,3.568,4.59,4,3,2,12,8,6,1958.26
5.365,1.575,2.125,6.19,1,7,3,7,3,21,1958.55
5.401,2.093,3.045,7.7,4,4,2,16,8,8,1959.62
5.323,2.271,2.363,4.12,4,1,1,4,4,1,1960
5.52,2.175,2.805,3.01,3,3,3,9,9,9,1960.39
5.6,2.993,2.549,8.06,4,4,3,16,12,12,1960.65
5.407,1.588,1.927,8.4,4,7,5,28,20,35,1960.65
5.464,2.611,2.813,4.57,2,4,2,8,4,8,1960.74
5.47,2.469,2.019,4,1,6,4,6,4,24,1960.92
5.323,1.828,2.788,8.7,4,3,1,12,4,3,1961.13
5.323,2.271,2.363,4.12,4,1,1,4,4,1,1961.66
5.247,1.974,2.024,6.33,1,3,1,3,1,3,1962.43
5.52,2.175,2.805,3.01,3,3,3,9,9,9,1962.68
5.279,2.548,2.533,5.69,4,3,2,12,8,6,1962.92
5.418,2.733,2.476,7.41,5,3,2,15,10,6,1963.52
5.158,2.231,2.618,5.04,2,1,3,2,6,3,1963.73
5.287,1.948,2.955,8.33,2,1,3,2,6,3,1964.01
5.6,2.993,2.549,8.06,4,4,3,16,12,12,1964.1
5.406,1.535,2.165,4.78,2,2,4,4,8,8,1964.16
5.323,1.828,2.788,8.7,4,3,1,12,4,3,1964.83
5.494,2.729,2.47,3.66,5,3,2,15,10,6,1965.12
5.284,2.079,2.056,7.22,4,7,1,28,4,7,1965.49
5.478,1.715,2.752,4.48,3,7,1,21,3,7,1965.98
5.284,2.079,2.056,7.22,4,7,1,28,4,7,1966.68
5.247,1.974,2.024,6.33,1,3,1,3,1,3,1967.34
5.341,2.602,2.107,7.88,2,7,2,14,4,14,1967.4
5.508,2.553,2.516,9.44,5,7,3,35,15,21,1967.42
5.596,2.997,2.545,5.43,4,4,3,16,12,12,1967.55
5.396,1.913,2.695,3.78,2,2,3,4,6,6,1967.82
5.404,2.932,1.804,3.04,4,5,2,20,8,10,1968.45
5.468,1.842,2.716,7.32,1,7,4,7,4,28,1968.47
5.466,2.381,2.555,8.92,1,1,4,1,4,4,1968.59
5.279,2.548,2.533,5.69,4,3,2,12,8,6,1968.81
5.418,2.733,2.476,7.41,5,3,2,15,10,6,1969.04
5.293,2.452,2.127,3.5,4,6,3,24,12,18,1969.64
5.396,1.913,2.695,3.78,2,2,3,4,6,6,1969.83
5.474,1.558,2.312,7.88,1,1,1,1,1,1,1970.48
5.508,2.553,2.516,9.44,5,7,3,35,15,21,1970.76
5.478,1.715,2.752,4.48,3,7,1,21,3,7,1971.04
5.269,2.637,2.529,4.57,4,6,4,24,16,24,1971.05
5.468,1.842,2.716,7.32,1,7,4,7,4,28,1971.33
5.469,1.558,2.79,6.07,5,2,4,10,20,8,1971.39
5.468,1.709,2.636,9.64,5,5,2,25,10,10,1971.5
5.497,1.688,3.568,3.95,2,4,5,8,10,20,1971.8
5.254,1.972,2.023,7.02,1,3,3,3,3,9,1971.83
5.471,2.32,2.385,7.99,2,4,2,8,4,8,1972.11
5.318,2.931,1.799,5.76,4,5,1,20,4,5,1972.58
5.623,2.178,2.81,5,3,3,2,9,6,6,1972.89
5.254,1.972,2.023,7.02,1,3,3,3,3,9,1973.03
5.536,2.465,2.024,4.35,1,6,2,6,2,12,1973.14
5.488,1.845,2.714,8.68,1,7,3,7,3,21,1973.16
5.618,2.02,2.744,6.91,2,2,3,4,6,6,1973.28
5.465,2.092,3.049,6.55,4,4,3,16,12,12,1973.54
5.408,2.781,2.464,8.14,2,7,3,14,6,21,1973.85
5.264,1.948,2.958,7.62,2,1,2,2,4,2,1974
5.54,2.201,3.169,4.33,3,3,4,9,12,12,1974.61
5.205,1.988,2.653,4.69,5,5,4,25,20,20,1974.66
5.332,2.545,2.531,5.39,4,3,4,12,16,12,1975.28
5.432,1.985,2.32,7.41,5,2,3,10,15,6,1975.66
5.721,1.902,3.334,4.91,4,1,5,4,20,5,1975.71
5.697,1.352,2.526,6.44,4,1,6,4,24,6,1975.76
5.284,2.605,2.109,3.49,2,7,2,14,4,14,1976.13
5.525,2.019,2.744,4.97,2,2,3,4,6,6,1976.51
5.484,1.63,2.09,4.45,2,1,5,2,10,5,1976.93
5.319,1.576,2.128,8.15,1,7,2,7,2,14,1977.09
5.474,2.609,2.812,7.61,2,4,4,8,8,16,1977.17
5.518,1.719,2.758,7.53,3,7,2,21,6,14,1977.23
5.189,2.454,2.136,8.39,4,6,4,24,16,24,1977.24
5.545,2.411,2.384,3.83,1,5,3,5,3,15,1977.28
5.525,2.019,2.744,4.97,2,2,3,4,6,6,1977.61
5.596,2.997,2.545,5.43,4,4,3,16,12,12,1977.68
5.457,1.882,2.952,8.78,1,6,3,6,3,18,1977.68
5.317,2.636,2.53,4.96,4,6,2,24,8,12,1978.03
5.614,2.993,2.555,6.74,4,4,3,16,12,12,1978.19
5.469,1.558,2.79,6.07,5,2,4,10,20,8,1978.37
5.408,2.781,2.464,8.14,2,7,3,14,6,21,1978.47
5.168,2.453,2.128,8.02,4,6,4,24,16,24,1978.9
5.44,2.778,2.471,5.3,2,7,2,14,4,14,1979.49
5.449,1.694,2.299,3.82,1,6,3,6,3,18,1979.72
5.325,2.436,2.526,4.01,4,2,2,8,8,4,1979.84
5.488,1.845,2.714,8.68,1,7,3,7,3,21,1980.03
5.317,2.679,2.322,3.99,2,3,4,6,8,12,1980.07
5.325,2.436,2.526,4.01,4,2,2,8,8,4,1980.1
5.317,2.679,2.322,3.99,2,3,4,6,8,12,1980.32
5.234,1.8,2.496,8.12,5,6,4,30,20,24,1980.54
5.392,1.824,2.774,4.66,5,2,3,10,15,6,1980.61
5.463,1.718,2.751,6.44,3,7,2,21,6,14,1980.66
5.468,1.709,2.636,9.64,5,5,2,25,10,10,1980.7
5.566,2.012,3.569,6.39,4,3,5,12,20,15,1981.1
5.289,2.636,2.524,3.18,4,6,3,24,12,18,1981.39
5.392,1.824,2.774,4.66,5,2,3,10,15,6,1981.86
5.182,2.204,2.488,8.06,4,4,4,16,16,16,1981.95
5.339,2.057,2.34,4.25,4,6,3,24,12,18,1982.12
5.256,2.911,2.168,4.16,4,7,2,28,8,14,1982.12
5.317,2.549,2.522,8.67,4,3,2,12,8,6,1982.16
5.219,1.985,2.656,7.9,5,5,3,25,15,15,1982.17
5.182,2.204,2.488,8.06,4,4,4,16,16,16,1982.26
5.317,2.636,2.53,4.96,4,6,2,24,8,12,1982.35
5.461,2.098,2.594,7.32,3,7,4,21,12,28,1982.44
5.171,2.518,2.097,6.6,2,7,4,14,8,28,1982.78
5.182,2.682,1.906,9.16,4,3,3,12,12,9,1983.13
5.118,2.231,2.615,6.95,2,1,1,2,2,1,1983.26
5.449,1.694,2.299,3.82,1,6,3,6,3,18,1983.51
5.368,1.832,2.77,4.05,5,2,2,10,10,4,1983.59
5.414,2.497,2.289,6.8,1,6,2,6,2,12,1983.64
5.345,2.103,2.872,9.86,1,5,4,5,4,20,1983.71
5.332,2.545,2.531,5.39,4,3,4,12,16,12,1983.78
5.614,2.993,2.555,6.74,4,4,3,16,12,12,1983.95
5.433,1.983,3.699,8.65,1,6,2,6,2,12,1984.26
5.414,1.852,2.205,7.38,1,6,4,6,4,24,1984.39
5.393,1.637,2.955,9.61,2,2,4,4,8,8,1984.54
5.256,1.862,2.524,9.73,4,3,1,12,4,3,1984.65
5.383,1.853,2.203,8.57,1,6,3,6,3,18,1985.11
5.293,1.858,2.519,8.82,4,3,2,12,8,6,1985.17
5.293,1.858,2.519,8.82,4,3,2,12,8,6,1985.3
5.265,2.545,2.523,6.36,4,3,1,12,4,3,1985.62
5.171,2.518,2.097,6.6,2,7,4,14,8,28,1985.69
5.265,2.545,2.523,6.36,4,3,1,12,4,3,1985.73
5.299,2.601,2.108,5.2,2,7,3,14,6,21,1985.78
5.317,2.549,2.522,8.67,4,3,2,12,8,6,1985.79
5.402,2.148,2.228,5.42,5,2,3,10,15,6,1986.11
5.461,1.767,2.475,8.76,3,5,4,15,12,20,1986.71
5.473,2.377,2.555,9.67,1,1,4,1,4,4,1986.75
5.308,1.908,2.569,5.7,1,5,3,5,3,15,1986.81
5.268,1.72,2.611,7.22,3,6,4,18,12,24,1986.91
5.256,1.862,2.524,9.73,4,3,1,12,4,3,1987.17
5.473,2.377,2.555,9.67,1,1,4,1,4,4,1987.79
5.347,2.182,1.928,8.48,4,4,3,16,12,12,1987.91
5.173,1.498,2.335,9.05,4,2,3,8,12,6,1988.13
5.44,2.778,2.471,5.3,2,7,2,14,4,14,1988.48
5.644,1.351,2.529,7.65,4,1,7,4,28,7,1988.63
5.554,2.015,2.746,9.02,2,2,3,4,6,6,1988.76
5.402,2.148,2.228,5.42,5,2,3,10,15,6,1988.76
5.252,2.3,2.497,6.08,1,6,3,6,3,18,1988.93
5.554,2.015,2.746,9.02,2,2,3,4,6,6,1989.02
5.439,2.93,1.799,9.53,4,5,4,20,16,20,1989.07
5.331,2.916,2.165,5.57,4,7,4,28,16,28,1989.17
5.427,1.767,2.465,8.02,3,5,4,15,12,20,1989.64
5.608,2.409,2.382,8.71,1,5,2,5,2,10,1989.83
5.366,2.367,2.58,8.26,3,6,4,18,12,24,1990.06
5.347,2.182,1.928,8.48,4,4,3,16,12,12,1990.12
5.174,2.229,2.615,5.37,2,1,4,2,8,4,1990.2
5.35,2.678,2.234,4.33,2,5,1,10,2,5,1990.59
5.394,2.779,2.47,3.67,2,7,2,14,4,14,1991.04
5.444,2.819,2.256,4.83,4,4,2,16,8,8,1991.05
5.389,2.268,2.369,8.21,4,1,2,4,8,2,1991.06
5.392,1.973,1.94,9.91,1,4,2,4,2,8,1991.18
5.122,2.518,2.096,7.75,2,7,4,14,8,28,1991.22
5.42,2.271,2.364,6.62,4,1,2,4,8,2,1991.48
5.392,1.973,1.94,9.91,1,4,2,4,2,8,1991.95
5.461,1.767,2.475,8.76,3,5,4,15,12,20,1992.13
5.433,1.983,3.699,8.65,1,6,2,6,2,12,1992.15
5.481,2.069,3.145,7.91,1,5,1,5,1,5,1992.38
5.481,2.069,3.145,7.91,1,5,1,5,1,5,1992.47
5.42,2.271,2.364,6.62,4,1,2,4,8,2,1992.56
5.479,1.933,3.895,5.82,3,1,4,3,12,4,1992.64
5.696,1.74,3.608,5.65,4,6,7,24,28,42,1992.66
5.696,1.74,3.608,5.65,4,6,7,24,28,42,1992.75
5.311,2.558,1.956,9.03,4,7,2,28,8,14,1992.84
5.456,2.553,2.522,6.53,5,7,4,35,20,28,1992.97
5.468,2.377,2.561,6.19,1,1,3,1,3,3,1993.46
5.413,1.934,3.897,5.35,3,1,3,3,9,3,1993.6
5.366,2.367,2.58,8.26,3,6,4,18,12,24,1994.16
5.5,2.05,3.081,8.53,4,2,3,8,12,6,1994.2
5.185,1.876,1.973,3.99,2,7,5,14,10,35,1994.21
5.391,2.297,2.929,6.59,3,7,4,21,12,28,1994.25
5.427,1.767,2.465,8.02,3,5,4,15,12,20,1994.39
5.311,2.558,1.956,9.03,4,7,2,28,8,14,1994.51
5.606,2.067,3.151,8.99,1,5,3,5,3,15,1994.76
5.289,2.919,2.167,3.32,4,7,4,28,16,28,1994.87
5.606,2.067,3.151,8.99,1,5,3,5,3,15,1994.95
5.394,2.779,2.47,3.67,2,7,2,14,4,14,1995.01
5.512,2.238,2.542,5,2,6,5,12,10,30,1995.06
5.173,1.498,2.335,9.05,4,2,3,8,12,6,1995.09
5.413,1.934,3.897,5.35,3,1,3,3,9,3,1995.31
5.456,2.553,2.522,6.53,5,7,4,35,20,28,1995.5
5.292,1.5,2.331,9.91,4,2,3,8,12,6,1995.66
5.583,2.012,3.563,5.82,4,3,5,12,20,15,1995.66
5.572,1.875,2.783,9.69,5,6,7,30,35,42,1995.68
5.501,2.066,3.15,8.84,1,5,1,5,1,5,1995.7
5.645,1.741,3.606,7.5,4,6,5,24,20,30,1995.92
5.453,2.723,2.404,5.69,5,6,3,30,15,18,1995.92
5.645,1.741,3.606,7.5,4,6,5,24,20,30,1995.95
5.476,1.933,3.892,5.59,3,1,4,3,12,4,1996.02
5.468,2.377,2.561,6.19,1,1,3,1,3,3,1996.66
5.303,2.254,1.924,7.7,1,1,2,1,2,2,1997.21
5.416,1.981,3.7,6.61,1,6,4,6,4,24,1997.49
5.495,1.879,2.946,3.98,1,6,2,6,2,12,1997.73
5.378,2.104,2.872,5.78,1,5,4,5,4,20,1997.92
5.422,1.983,2.324,6.01,5,2,4,10,20,8,1998.02
5.701,1.743,3.603,6.08,4,6,7,24,28,42,1998.27
5.202,2.204,2.486,5.72,4,4,4,16,16,16,1998.87
5.511,2.052,3.079,3.25,4,2,4,8,16,8,1999.03
5.439,2.93,1.799,9.53,4,5,4,20,16,20,1999.45
5.389,1.631,2.613,9.07,4,4,5,16,20,20,1999.69
5.572,1.875,2.783,9.69,5,6,7,30,35,42,1999.71
5.368,1.636,2.955,9.58,2,2,3,4,6,6,1999.85
5.495,1.879,2.946,3.98,1,6,2,6,2,12,1999.86
5.416,1.981,3.7,6.61,1,6,4,6,4,24,1999.87
5.416,2.163,3.134,9.19,2,1,1,2,2,1,1999.94
5.58,1.545,3.288,3.88,5,1,7,5,35,7,2000.14
5.404,1.86,2.551,4.77,5,6,5,30,25,30,2000.15
5.305,2.146,2.224,4.96,5,2,2,10,10,4,2000.32
5.419,2.367,2.573,3.81,3,6,4,18,12,24,2000.36
5.58,1.545,3.288,3.88,5,1,7,5,35,7,2000.43
5.512,2.238,2.542,5,2,6,5,12,10,30,2000.49
5.241,1.948,2.96,8.18,2,1,3,2,6,3,2000.8
5.404,1.86,2.551,4.77,5,6,5,30,25,30,2000.89
5.274,1.943,2.953,3.84,2,1,1,2,2,1,2001.05
5.185,1.876,1.973,3.99,2,7,5,14,10,35,2001.05
5.39,1.889,2.402,8.92,4,4,5,16,20,20,2001.45
5.476,1.933,3.892,5.59,3,1,4,3,12,4,2001.47
5.274,2.918,2.164,3.52,4,7,1,28,4,7,2001.76
5.48,2.05,3.077,4.92,4,2,4,8,16,8,2002.02
5.202,2.204,2.486,5.72,4,4,4,16,16,16,2002.27
5.489,1.586,1.923,9.61,4,7,5,28,20,35,2002.56
5.419,2.367,2.573,3.81,3,6,4,18,12,24,2002.73
5.662,1.899,3.333,7.95,4,1,5,4,20,5,2002.9
5.489,1.586,1.923,9.61,4,7,5,28,20,35,2002.99
5.145,2.677,1.906,4.29,4,3,3,12,12,9,2003.03
5.249,2.558,1.961,4.02,4,7,2,28,8,14,2003.06
5.598,2.79,2.837,4.83,3,4,2,12,6,8,2003.09
5.378,2.104,2.872,5.78,1,5,4,5,4,20,2003.58
5.434,2.934,1.801,7.17,4,5,3,20,12,15,2003.73
5.598,2.79,2.837,4.83,3,4,2,12,6,8,2003.87
5.145,2.677,1.906,4.29,4,3,3,12,12,9,2003.98
5.447,2.466,2.019,7.47,1,6,1,6,1,6,2004
5.46,2.775,2.472,6.05,2,7,4,14,8,28,2004.52
5.56,2.555,2.517,4.64,5,7,5,35,25,35,2004.74
5.471,1.913,2.687,6.79,2,2,1,4,2,2,2004.99
5.297,2.896,3.094,3.9,1,5,4,5,4,20,2005.36
5.241,1.948,2.96,8.18,2,1,3,2,6,3,2005.43
5.447,2.466,2.019,7.47,1,6,1,6,1,6,2005.97
5.48,2.05,3.077,4.92,4,2,4,8,16,8,2006.14
5.161,1.871,1.971,6.91,2,7,1,14,2,7,2006.21
5.478,1.757,3.19,7.5,4,1,7,4,28,7,2006.36
5.368,1.636,2.955,9.58,2,2,3,4,6,6,2006.38
5.314,1.852,2.201,7,1,6,2,6,2,12,2006.46
5.332,2.564,1.955,3.56,4,7,4,28,16,28,2006.65
5.199,1.948,1.964,9.44,1,5,3,5,3,15,2007.63
5.345,1.905,2.566,9.51,1,5,3,5,3,15,2007.83
5.451,1.33,2.358,7.25,1,4,5,4,5,20,2007.96
5.297,2.896,3.094,3.9,1,5,4,5,4,20,2008.05
5.626,2.787,2.843,3.42,3,4,1,12,3,4,2008.43
5.451,1.33,2.358,7.25,1,4,5,4,5,20,2009.16
5.161,1.871,1.971,6.91,2,7,1,14,2,7,2009.29
5.179,3.033,2.334,4.24,4,1,3,4,12,3,2009.31
5.478,1.757,3.19,7.5,4,1,7,4,28,7,2009.34
5.345,1.905,2.566,9.51,1,5,3,5,3,15,2009.73
5.335,1.912,2.693,8.03,2,2,4,4,8,8,2009.75
5.393,2.333,2.378,5.24,1,3,2,3,2,6,2010.07
5.501,1.985,2.32,6.72,5,2,4,10,20,8,2010.56
5.57,2.013,3.562,5.69,4,3,7,12,28,21,2010.64
5.393,2.333,2.378,5.24,1,3,2,3,2,6,2010.66
5.391,2.061,2.795,5.93,5,6,5,30,25,30,2010.67
5.535,2.408,2.384,9.45,1,5,4,5,4,20,2011.02
5.175,2.234,2.615,5.02,2,1,1,2,2,1,2011.22
5.347,1.862,2.56,3.73,5,6,7,30,35,42,2011.24
5.357,1.639,2.944,9.1,2,2,2,4,4,4,2011.64
5.391,2.061,2.795,5.93,5,6,5,30,25,30,2011.64
5.314,1.852,2.201,7,1,6,2,6,2,12,2012.14
5.361,2.148,2.225,8.41,5,2,1,10,5,2,2012.29
5.52,2.41,2.381,9.65,1,5,4,5,4,20,2012.29
5.339,1.828,2.772,4.47,5,2,2,10,10,4,2012.31
5.457,1.887,2.407,4.09,4,4,5,16,20,20,2012.66
5.501,1.985,2.32,6.72,5,2,4,10,20,8,2012.77
5.277,1.72,2.617,5.04,3,6,1,18,3,6,2012.88
5.191,1.943,1.965,5.69,1,5,3,5,3,15,2012.95
5.56,2.555,2.517,4.64,5,7,5,35,25,35,2013.16
5.334,2.876,2.218,6.13,2,3,4,6,8,12,2013.21
5.337,2.872,2.215,9.53,2,3,4,6,8,12,2013.78
5.41,2.718,2.405,6.76,5,6,4,30,20,24,2014
5.337,2.872,2.215,9.53,2,3,4,6,8,12,2014.44
5.273,1.972,2.027,7.69,1,3,3,3,3,9,2014.66
5.271,2.297,2.499,9.12,1,6,4,6,4,24,2014.75
5.52,2.41,2.381,9.65,1,5,4,5,4,20,2015.28
5.457,1.887,2.407,4.09,4,4,5,16,20,20,2015.31
5.214,2.207,2.49,9.24,4,4,4,16,16,16,2015.41
5.486,1.544,3.283,7.57,5,1,6,5,30,6,2015.5
5.273,1.972,2.027,7.69,1,3,3,3,3,9,2015.57
5.175,2.234,2.615,5.02,2,1,1,2,2,1,2015.78
5.498,2.052,3.079,3.3,4,2,3,8,12,6,2015.8
5.337,2.112,2.577,3.43,3,6,2,18,6,12,2015.83
5.321,2.06,2.795,5.25,5,6,3,30,15,18,2015.98
5.588,1.901,2.878,6.83,5,2,3,10,15,6,2016.34
5.389,1.638,2.947,7.9,2,2,3,4,6,6,2016.39
5.361,2.148,2.225,8.41,5,2,1,10,5,2,2016.78
5.616,2.02,2.747,7.92,2,2,3,4,6,6,2017.02
5.562,1.666,2.618,6.57,2,3,5,6,10,15,2017.03
5.378,2.68,2.234,3.83,2,5,5,10,10,25,2017.18
5.535,2.408,2.384,9.45,1,5,4,5,4,20,2017.37
5.297,1.634,2.602,9.56,4,4,5,16,20,20,2017.39
5.476,2.378,2.56,9.22,1,1,2,1,2,2,2017.49
5.261,2.32,2.511,6.34,2,1,1,2,2,1,2017.51
5.616,2.02,2.747,7.92,2,2,3,4,6,6,2017.77
5.214,2.207,2.49,9.24,4,4,4,16,16,16,2018.14
5.423,2.1,2.602,7.61,3,7,2,21,6,14,2018.48
5.389,1.638,2.947,7.9,2,2,3,4,6,6,2018.81
5.498,2.052,3.079,3.3,4,2,3,8,12,6,2018.85
5.389,2.333,2.377,4.23,1,3,3,3,3,9,2019.1
5.407,2.246,2.619,3.01,3,1,1,3,3,1,2019.11
5.191,1.944,1.967,6.97,1,5,1,5,1,5,2019.14
5.319,1.971,2.025,5.89,1,3,4,3,4,12,2019.53
5.415,3.143,2.918,5.13,1,4,3,4,3,12,2019.87
5.319,1.971,2.025,5.89,1,3,4,3,4,12,2019.89
5.363,2.271,2.361,9.06,4,1,3,4,12,3,2020.07
5.407,2.246,2.619,3.01,3,1,1,3,3,1,2020.11
5.316,2.874,2.213,8.2,2,3,1,6,2,3,2020.18
5.736,1.902,3.334,6.52,4,1,5,4,20,5,2020.4
5.561,2.019,2.75,8.49,2,2,4,4,8,8,2020.41
5.49,2.721,2.403,4.83,5,6,5,30,25,30,2020.59
5.562,1.666,2.618,6.57,2,3,5,6,10,15,2020.99
5.316,2.874,2.213,8.2,2,3,1,6,2,3,2021.14
5.309,2.298,2.493,5.87,1,6,3,6,3,18,2021.55
5.225,2.073,2.053,4.82,4,7,7,28,28,49,2022.06
5.662,1.744,3.607,4.83,4,6,7,24,28,42,2022.35
5.305,2.547,2.526,7.95,4,3,1,12,4,3,2022.4
5.469,2.498,2.293,8.66,1,6,4,6,4,24,2022.4
5.476,2.378,2.56,9.22,1,1,2,1,2,2,2022.43
5.287,2.688,1.961,9.57,2,7,4,14,8,28,2022.48
5.221,1.945,1.967,9.08,1,5,4,5,4,20,2022.53
5.415,3.143,2.918,5.13,1,4,3,4,3,12,2022.62
5.261,2.32,2.511,6.34,2,1,1,2,2,1,2022.87
5.662,1.744,3.607,4.83,4,6,7,24,28,42,2023.17
5.411,1.694,2.293,5.92,1,6,5,6,5,30,2023.31
5.411,1.694,2.293,5.92,1,6,5,6,5,30,2023.43
5.191,1.944,1.967,6.97,1,5,1,5,1,5,2023.55
5.608,2.971,2.113,7.24,3,7,1,21,3,7,2023.56
5.49,2.721,2.403,4.83,5,6,5,30,25,30,2024.17
5.378,2.68,2.234,3.83,2,5,5,10,10,25,2024.33
5.489,1.557,2.786,3.98,5,2,7,10,35,14,2024.41
5.454,1.709,2.634,8.49,5,5,6,25,30,30,2024.54
5.387,2.318,2.995,6.72,3,4,1,12,3,4,2024.69
5.409,1.931,3.886,5.11,3,1,2,3,6,2,2024.72
5.233,2.253,1.917,7.95,1,1,2,1,2,2,2024.92
5.383,1.709,2.635,6.4,5,5,7,25,35,35,2025.09
5.539,2.556,2.514,6.56,1,3,2,3,2,6,2025.76
5.487,2.237,2.545,7.67,2,6,5,12,10,30,2025.84
5.536,1.355,1.859,5.87,1,6,5,6,5,30,2025.84
5.444,2.778,2.464,7.68,2,7,1,14,2,7,2026.07
5.324,2.18,2.141,3.56,4,1,7,4,28,7,2026.31
5.501,1.667,2.621,7.24,2,3,7,6,14,21,2026.34
5.437,1.77,2.469,9.57,3,5,2,15,6,10,2026.43
5.221,1.945,1.967,9.08,1,5,4,5,4,20,2026.44
5.143,2.536,2.086,3.38,1,7,3,7,3,21,2026.47
5.438,1.89,2.41,6.44,4,4,5,16,20,20,2026.51
5.539,2.556,2.514,6.56,1,3,2,3,2,6,2026.6
5.474,1.692,2.296,3.75,1,6,5,6,5,30,2026.65
5.188,1.501,2.33,9.42,4,2,3,8,12,6,2026.75
5.29,2.441,2.525,3.65,4,2,3,8,12,6,2026.77
5.684,1.74,3.608,6.94,4,6,6,24,24,36,2027.15
5.358,1.911,2.695,7.08,2,2,1,4,2,2,2027.46
5.139,2.232,2.617,5.54,2,1,3,2,6,3,2027.58
5.409,1.931,3.886,5.11,3,1,2,3,6,2,2027.96
5.156,2.679,1.905,9.47,4,3,3,12,12,9,2028.08
5.387,2.318,2.995,6.72,3,4,1,12,3,4,2028.11
5.143,2.536,2.086,3.38,1,7,3,7,3,21,2028.26
5.27,1.72,2.614,7.1,3,6,2,18,6,12,2028.37
5.438,1.89,2.41,6.44,4,4,5,16,20,20,2028.39
5.358,1.911,2.695,7.08,2,2,1,4,2,2,2028.55
5.27,1.72,2.614,7.1,3,6,2,18,6,12,2028.71
5.139,2.232,2.617,5.54,2,1,3,2,6,3,2028.92
5.226,2.202,2.495,3.69,4,4,1,16,4,4,2028.99
5.527,2.975,2.113,6.71,3,7,1,21,3,7,2029.37
5.305,2.547,2.526,7.95,4,3,1,12,4,3,2029.53
5.469,2.498,2.293,8.66,1,6,4,6,4,24,2029.57
5.383,1.709,2.635,6.4,5,5,7,25,35,35,2029.68
5.489,1.557,2.786,3.98,5,2,7,10,35,14,2029.74
5.344,1.828,2.769,5.09,5,2,4,10,20,8,2029.9
5.214,1.947,1.974,8.85,1,5,4,5,4,20,2029.91
5.287,2.688,1.961,9.57,2,7,4,14,8,28,2030.09
5.156,2.679,1.905,9.47,4,3,3,12,12,9,2030.48
5.684,1.74,3.608,6.94,4,6,6,24,24,36,2030.72
5.329,2.152,2.23,6.11,5,2,1,10,5,2,2030.89
5.329,2.103,2.201,6.09,3,6,3,18,9,18,2031.43
5.558,1.63,2.087,7.33,2,1,5,2,10,5,2031.7
5.329,2.152,2.23,6.11,5,2,1,10,5,2,2032.06
5.27,2.562,1.963,9.73,4,7,2,28,8,14,2032.35
5.344,1.828,2.769,5.09,5,2,4,10,20,8,2032.55
5.471,1.766,2.473,9.87,3,5,3,15,9,15,2032.57
5.662,2.129,1.723,8.28,1,1,5,1,5,5,2032.7
5.298,2.102,2.199,4.94,3,6,3,18,9,18,2032.79
5.153,1.947,1.968,7.11,1,5,1,5,1,5,2032.82
5.482,2.199,3.174,9.45,3,3,2,9,6,6,2033.59
5.477,2.208,2.777,6.45,2,2,1,4,2,2,2033.64
5.349,1.91,2.695,8.44,2,2,1,4,2,2,2034.58
5.507,2.2,3.173,4.7,3,3,4,9,12,12,2034.97
5.507,2.2,3.173,4.7,3,3,4,9,12,12,2035.05
5.582,2.175,2.809,8.61,3,3,2,9,6,6,2035.64
5.153,1.947,1.968,7.11,1,5,1,5,1,5,2035.73
5.45,1.76,2.843,5.08,2,6,7,12,14,42,2035.85
5.283,2.636,2.529,7.1,4,6,4,24,16,24,2036.24
5.454,1.983,2.326,3.06,5,2,4,10,20,8,2036.47
5.323,2.029,1.904,4.57,2,5,5,10,10,25,2036.77
5.471,1.766,2.473,9.87,3,5,3,15,9,15,2036.91
5.419,2.165,2.407,3.39,5,5,5,25,25,25,2037.05
5.323,2.029,1.904,4.57,2,5,5,10,10,25,2037.16
5.361,2.11,2.578,7.99,3,6,3,18,9,18,2037.38
5.329,2.103,2.201,6.09,3,6,3,18,9,18,2037.82
5.515,2.789,2.842,6.46,3,4,2,12,6,8,2037.95
5.283,2.636,2.529,7.1,4,6,4,24,16,24,2038.37
5.342,2.25,2.631,8.71,3,1,2,3,6,2,2039.43
5.459,3.144,2.924,6.64,1,4,4,4,4,16,2039.63
5.735,1.902,3.337,7.68,4,1,6,4,24,6,2039.68
5.32,2.104,2.196,7.16,3,6,1,18,3,6,2040.15
5.163,2.979,2.353,3.27,4,2,1,8,4,2,2040.24
5.412,2.066,2.926,4.22,1,5,3,5,3,15,2040.4
5.49,2.418,2.63,5.38,5,6,7,30,35,42,2040.86
5.558,1.63,2.087,7.33,2,1,5,2,10,5,2041.42
5.514,2.2,3.169,3.31,3,3,1,9,3,3,2041.42
5.502,2.047,3.078,9.3,4,2,4,8,16,8,2041.65
5.292,3.035,2.335,9.32,4,1,1,4,4,1,2041.69
5.662,2.129,1.723,8.28,1,1,5,1,5,5,2041.73
5.56,2.791,2.847,3.27,3,4,2,12,6,8,2042.12
5.366,2.148,2.225,5.66,5,2,4,10,20,8,2042.14
5.434,2.734,2.468,7.01,5,3,5,15,25,15,2042.48
5.361,2.11,2.578,7.99,3,6,3,18,9,18,2043
5.514,2.2,3.169,3.31,3,3,1,9,3,3,2043.35
5.542,2.995,2.554,8.12,4,4,1,16,4,4,2043.37
5.453,1.865,2.335,9.57,4,5,7,20,28,35,2043.81
5.564,1.479,2.301,3.44,3,7,5,21,15,35,2043.92
5.459,3.144,2.924,6.64,1,4,4,4,4,16,2044.05
5.216,1.716,2.621,8.81,3,6,1,18,3,6,2044.28
5.395,2.299,2.927,4.75,3,7,3,21,9,21,2044.72
5.29,3.031,2.335,8.07,4,1,1,4,4,1,2045
5.342,2.25,2.631,8.71,3,1,2,3,6,2,2045.57
5.324,2.295,2.93,6.09,3,7,1,21,3,7,2046.05
5.408,1.986,3.702,4.95,1,6,1,6,1,6,2046.12
5.408,1.986,3.702,4.95,1,6,1,6,1,6,2046.25
5.11,2.978,2.355,3.28,4,2,3,8,12,6,2046.26
5.434,2.734,2.468,7.01,5,3,5,15,25,15,2046.71
5.451,2.734,2.474,6.01,5,3,1,15,5,3,2046.92
5.366,2.148,2.225,5.66,5,2,4,10,20,8,2047.34
5.451,2.734,2.474,6.01,5,3,1,15,5,3,2047.6
5.46,1.586,1.925,6.51,4,7,7,28,28,49,2048.12
5.216,1.716,2.621,8.81,3,6,1,18,3,6,2048.76
5.52,3.054,2.727,3.65,3,1,4,3,12,4,2049.41
5.551,2.198,3.169,7.28,3,3,3,9,9,9,2049.54
5.401,1.579,2.126,4.22,1,7,5,7,5,35,2049.58
5.373,2.249,2.623,9.48,3,1,1,3,3,1,2049.61
5.3,1.949,2.955,4.2,2,1,5,2,10,5,2049.78
5.52,3.054,2.727,3.65,3,1,4,3,12,4,2049.81
5.32,2.179,2.148,8.87,4,1,5,4,20,5,2050.34
5.469,2.718,2.4,6.12,5,6,5,30,25,30,2050.37
5.551,2.198,3.169,7.28,3,3,3,9,9,9,2050.37
5.29,3.031,2.335,8.07,4,1,1,4,4,1,2050.89
5.541,1.672,2.617,7.98,2,3,6,6,12,18,2050.92
5.506,2.975,2.107,8.8,3,7,3,21,9,21,2051.91
5.367,2.024,1.902,8.31,2,5,5,10,10,25,2051.97
5.506,1.697,2.293,3.96,1,6,5,6,5,30,2052.05
5.251,1.798,2.496,7.56,5,6,5,30,25,30,2052.15
5.292,3.035,2.335,9.32,4,1,1,4,4,1,2052.23
5.506,1.697,2.293,3.96,1,6,5,6,5,30,2052.41
5.251,1.573,2.118,4.9,3,2,3,6,9,6,2052.6
5.603,1.904,2.883,5.5,5,2,5,10,25,10,2052.63
5.251,1.798,2.496,7.56,5,6,5,30,25,30,2052.92
5.32,2.179,2.148,8.87,4,1,5,4,20,5,2053.51
5.397,2.369,2.576,9.02,3,6,2,18,6,12,2053.58
5.451,1.934,3.888,8.18,3,1,3,3,9,3,2054.55
5.513,1.719,2.753,5.48,3,7,5,21,15,35,2054.66
5.541,1.672,2.617,7.98,2,3,6,6,12,18,2054.94
5.121,2.683,1.902,8.49,4,3,2,12,8,6,2055.29
5.636,1.373,2.291,6.29,1,4,7,4,7,28,2055.39
5.358,2.931,1.812,4.43,4,5,5,20,20,25,2055.62
5.431,1.931,3.894,4.38,3,1,2,3,6,2,2055.63
5.347,2.062,2.79,8.26,5,6,5,30,25,30,2055.69
5.538,2.176,2.801,3.9,3,3,5,9,15,15,2055.79
5.417,3.076,3.298,4.53,3,1,1,3,3,1,2055.99
5.431,1.931,3.894,4.38,3,1,2,3,6,2,2056.09
5.506,2.975,2.107,8.8,3,7,3,21,9,21,2056.09
5.421,2.272,2.359,9.55,4,1,5,4,20,5,2056.1
5.575,2.083,2.135,4.61,4,6,7,24,28,42,2056.35
5.469,2.718,2.4,6.12,5,6,5,30,25,30,2056.44
5.341,2.68,2.239,5.49,2,5,7,10,14,35,2056.51
5.13,2.23,2.619,6.71,2,1,2,2,4,2,2056.53
5.46,1.586,1.925,6.51,4,7,7,28,28,49,2056.75
5.417,1.935,3.888,5.25,3,1,2,3,6,2,2056.85
5.575,2.083,2.135,4.61,4,6,7,24,28,42,2056.86
5.421,2.272,2.359,9.55,4,1,5,4,20,5,2056.87
5.417,1.464,2.366,4.21,5,4,7,20,35,28,2057.06
5.373,2.249,2.623,9.48,3,1,1,3,3,1,2057.16
5.426,2.379,2.562,3.15,1,1,5,1,5,5,2057.21
5.636,1.373,2.291,6.29,1,4,7,4,7,28,2057.5
5.417,1.935,3.888,5.25,3,1,2,3,6,2,2057.5
5.326,2.297,2.937,7.05,3,7,4,21,12,28,2057.65
5.417,3.076,3.298,4.53,3,1,1,3,3,1,2057.66
5.238,1.72,2.62,5.69,3,6,3,18,9,18,2057.86
5.326,2.297,2.937,7.05,3,7,4,21,12,28,2057.97
5.239,1.799,2.496,4.18,5,6,7,30,35,42,2058.03
5.121,2.683,1.902,8.49,4,3,2,12,8,6,2058.1
5.234,2.688,1.958,9.27,2,7,3,14,6,21,2058.49
5.608,1.876,2.788,5.37,5,6,6,30,30,36,2058.66
5.236,2.987,2.464,5.66,4,1,4,4,16,4,2058.86
5.476,2.32,2.375,4.58,2,4,7,8,14,28,2058.9
5.537,2.239,2.542,9.33,2,6,5,12,10,30,2058.91
5.238,1.72,2.62,5.69,3,6,3,18,9,18,2058.94
5.538,2.176,2.801,3.9,3,3,5,9,15,15,2059.05
5.517,3.051,2.729,7.66,3,1,3,3,9,3,2059.08
5.513,1.719,2.753,5.48,3,7,5,21,15,35,2059.16
5.517,3.051,2.729,7.66,3,1,3,3,9,3,2059.24
5.629,2.021,2.743,4.22,2,2,5,4,10,10,2059.57
5.449,2.071,2.928,7.18,1,5,7,5,7,35,2059.64
5.454,1.712,2.633,9.73,5,5,6,25,30,30,2059.66
5.35,1.575,2.125,6.4,1,7,7,7,7,49,2060.27
5.469,3.051,2.733,8.68,3,1,3,3,9,3,2060.33
5.241,2.547,2.532,7.69,4,3,1,12,4,3,2060.47
5.241,2.547,2.532,7.69,4,3,1,12,4,3,2060.54
5.238,1.854,2.519,7.31,4,3,5,12,20,15,2061.39
5.394,3.076,3.299,3.01,3,1,2,3,6,2,2061.47
5.397,2.677,2.314,3.29,2,3,7,6,14,21,2061.49
5.288,2.285,2.216,5.17,3,2,1,6,3,2,2061.7
5.348,2.919,2.172,3.22,4,7,5,28,20,35,2061.76
5.288,2.285,2.216,5.17,3,2,1,6,3,2,2061.8
5.424,1.831,2.793,9.09,4,3,7,12,28,21,2061.81
5.342,2.677,2.317,3.05,2,3,7,6,14,21,2061.82
5.266,1.951,2.953,7.1,2,1,5,2,10,5,2061.88
5.449,2.071,2.928,7.18,1,5,7,5,7,35,2061.98
5.448,2.21,2.776,8.45,2,2,3,4,6,6,2062.33
5.266,1.951,2.953,7.1,2,1,5,2,10,5,2062.7
5.405,1.853,2.2,7.56,1,6,5,6,5,30,2063.18
5.413,3.051,2.722,4.98,3,1,3,3,9,3,2063.32
5.264,1.721,2.62,9.85,3,6,3,18,9,18,2063.34
5.499,1.56,2.318,9.58,1,1,7,1,7,7,2063.56
5.295,2.074,2.051,5.18,4,7,5,28,20,35,2063.58
5.13,2.23,2.619,6.71,2,1,2,2,4,2,2063.62
5.229,3.032,2.335,6.04,4,1,1,4,4,1,2064.17
5.156,2.518,2.094,5.89,2,7,4,14,8,28,2064.25
5.418,1.921,3.171,7.78,2,3,5,6,10,15,2064.36
5.297,2.684,1.955,6.75,2,7,5,14,10,35,2064.4
5.46,2.071,2.93,7.81,1,5,7,5,7,35,2064.47
5.295,2.074,2.051,5.18,4,7,5,28,20,35,2064.58
5.122,2.622,1.657,7.45,1,4,2,4,2,8,2064.8
5.264,1.721,2.62,9.85,3,6,3,18,9,18,2064.8
5.6,1.878,2.787,4.58,5,6,6,30,30,36,2064.86
5.457,1.561,2.314,5.62,1,1,5,1,5,5,2065.24
5.43,3.144,2.926,9,1,4,4,4,4,16,2065.37
5.46,2.071,2.93,7.81,1,5,7,5,7,35,2065.43
5.071,2.618,1.658,3.1,1,4,4,4,4,16,2065.61
5.397,2.677,2.314,3.29,2,3,7,6,14,21,2065.69
5.366,1.63,2.604,4.6,4,4,7,16,28,28,2065.87
5.348,2.919,2.172,3.22,4,7,5,28,20,35,2066.04
5.49,2.468,2.022,8.33,1,6,5,6,5,30,2066.2
5.37,2.053,2.346,8.93,4,6,7,24,28,42,2066.22
5.392,2.161,3.135,7.27,2,1,5,2,10,5,2066.25
5.26,2.848,2.76,3.07,1,3,5,3,5,15,2066.39
5.49,2.468,2.022,8.33,1,6,5,6,5,30,2066.56
5.6,1.878,2.787,4.58,5,6,6,30,30,36,2066.66
5.419,1.905,2.562,9.69,1,5,5,5,5,25,2067.09
5.297,2.684,1.955,6.75,2,7,5,14,10,35,2067.11
5.488,2.816,2.251,9.08,4,4,5,16,20,20,2067.15
5.264,1.984,2.65,3.02,5,5,7,25,35,35,2067.2
5.457,1.561,2.314,5.62,1,1,5,1,5,5,2068.27
5.51,1.467,2.356,4,5,4,6,20,30,24,2068.88
5.339,2.065,2.79,7.78,5,6,5,30,25,30,2068.97
5.335,2.252,2.622,6.22,3,1,1,3,3,1,2069.08
5.071,2.618,1.658,3.1,1,4,4,4,4,16,2069.13
5.26,2.848,2.76,3.07,1,3,5,3,5,15,2069.13
5.451,2.72,2.4,8.02,5,6,5,30,25,30,2069.17
5.424,1.831,2.793,9.09,4,3,7,12,28,21,2069.21
5.413,1.708,2.635,3.37,5,5,6,25,30,30,2069.85
5.51,1.467,2.356,4,5,4,6,20,30,24,2069.98
5.668,1.736,3.607,8.12,4,6,5,24,20,30,2070.11
5.517,2.555,2.515,5.32,5,7,5,35,25,35,2070.26
5.496,2.496,2.289,7.35,1,6,5,6,5,30,2070.75
5.444,1.972,1.939,8.01,1,4,7,4,7,28,2070.85
5.419,1.905,2.562,9.69,1,5,5,5,5,25,2070.85
5.488,2.816,2.251,9.08,4,4,5,16,20,20,2071.31
5.668,1.736,3.607,8.12,4,6,5,24,20,30,2071.32
5.392,2.161,3.135,7.27,2,1,5,2,10,5,2071.58
5.355,2.335,2.378,8.41,1,3,4,3,4,12,2071.58
5.335,2.252,2.622,6.22,3,1,1,3,3,1,2071.82
5.472,1.984,2.322,6.18,5,2,5,10,25,10,2072.31
5.525,2.021,2.601,3.1,4,5,6,20,24,30,2072.33
5.442,1.709,2.628,6.72,5,5,7,25,35,35,2072.42
5.496,2.496,2.289,7.35,1,6,5,6,5,30,2073.28
5.295,2.074,2.045,4.5,4,7,6,28,24,42,2073.58
5.531,1.769,2.471,7.3,3,5,7,15,21,35,2074.17
5.472,1.984,2.322,6.18,5,2,5,10,25,10,2074.47
5.56,2.322,2.382,4.58,2,4,7,8,14,28,2074.75
5.273,2.988,2.462,5.71,4,1,1,4,4,1,2074.87
5.311,2.027,1.902,3.89,2,5,7,10,14,35,2074.97
5.479,2.728,2.47,4.05,5,3,5,15,25,15,2075.14
5.223,2.987,2.471,7.01,4,1,3,4,12,3,2075.56
5.339,2.065,2.79,7.78,5,6,5,30,25,30,2075.74
5.525,2.021,2.601,3.1,4,5,6,20,24,30,2076.06
5.442,1.709,2.628,6.72,5,5,7,25,35,35,2076.22
5.29,2.436,2.522,4.03,4,2,3,8,12,6,2076.51
5.303,2.726,2.069,6.15,3,5,1,15,3,5,2076.57
5.412,2.33,2.381,4.2,1,3,5,3,5,15,2076.66
5.406,1.71,2.638,8.94,5,5,6,25,30,30,2076.77
5.466,1.969,1.937,9.92,1,4,7,4,7,28,2076.82
5.441,2.209,2.777,9.87,2,2,1,4,2,2,2077
5.517,2.413,2.635,9.31,5,6,7,30,35,42,2077.07
5.441,2.209,2.777,9.87,2,2,1,4,2,2,2077.38
5.346,2.55,2.52,4.62,4,3,5,12,20,15,2077.44
5.419,2.496,2.291,8.31,1,6,5,6,5,30,2077.74
5.303,2.726,2.069,6.15,3,5,1,15,3,5,2077.99
5.406,1.71,2.638,8.94,5,5,6,25,30,30,2078.25
5.55,1.442,3.232,9.58,2,1,6,2,12,6,2078.69
5.15,2.681,1.906,6.53,4,3,4,12,16,12,2078.79
5.46,2.198,3.171,6.77,3,3,1,9,3,3,2079.32
5.31,3.132,2.809,4.38,4,2,1,8,4,2,2079.43
5.548,2.301,2.426,4.98,5,2,5,10,25,10,2079.65
5.494,1.983,3.698,6.79,1,6,7,6,7,42,2080.37
5.311,2.027,1.902,3.89,2,5,7,10,14,35,2080.4
5.31,3.132,2.809,4.38,4,2,1,8,4,2,2080.46
5.608,2.294,2.432,7.95,5,2,5,10,25,10,2080.56
5.312,2.899,3.098,9.59,1,5,4,5,4,20,2080.97
5.312,2.899,3.098,9.59,1,5,4,5,4,20,2081.15
5.121,2.974,2.354,5.64,4,2,2,8,8,4,2081.17
5.401,3.146,2.917,6.12,1,4,4,4,4,16,2081.19
5.43,1.59,1.934,4.95,4,7,6,28,24,42,2081.34
5.267,2.177,2.145,8.88,4,1,5,4,20,5,2081.37
5.442,2.21,2.777,7.56,2,2,2,4,4,4,2081.58
5.548,2.301,2.426,4.98,5,2,5,10,25,10,2081.8
5.163,2.68,1.904,5.22,4,3,5,12,20,15,2081.88
5.15,2.681,1.906,6.53,4,3,4,12,16,12,2081.89
5.457,1.559,2.32,9.32,1,1,7,1,7,7,2082.18
5.163,2.68,1.904,5.22,4,3,5,12,20,15,2082.71
5.476,1.485,2.792,6.84,4,3,6,12,24,18,2082.92
5.375,2.676,2.231,6.77,2,5,5,10,10,25,2082.98
5.46,2.198,3.171,6.77,3,3,1,9,3,3,2083.62
5.256,2.442,2.526,7.13,4,2,4,8,16,8,2083.64
5.42,1.826,2.793,7.98,4,3,7,12,28,21,2084.12
5.401,3.146,2.917,6.12,1,4,4,4,4,16,2084.18
5.256,2.442,2.526,7.13,4,2,4,8,16,8,2084.23
5.183,1.986,2.655,3.59,5,5,5,25,25,25,2084.23
5.517,1.608,2.32,4.71,1,5,6,5,6,30,2084.4
5.468,2.811,2.251,9.93,4,4,7,16,28,28,2084.54
5.29,2.436,2.522,4.03,4,2,3,8,12,6,2084.93
5.42,1.826,2.793,7.98,4,3,7,12,28,21,2084.96
5.582,2.991,2.555,5.49,4,4,5,16,20,20,2085.17
5.417,3.403,2.182,6.1,3,5,1,15,3,5,2085.46
5.476,1.466,2.369,8.77,5,4,6,20,30,24,2085.6
5.318,2.726,2.073,3.74,3,5,2,15,6,10,2086.03
5.517,2.535,2.535,4.38,3,2,4,6,12,8,2086.21
5.375,2.676,2.231,6.77,2,5,5,10,10,25,2086.24
5.451,1.913,3.178,6.06,2,3,6,6,12,18,2086.32
5.511,1.688,3.572,5.98,2,4,6,8,12,24,2086.62
5.601,2.016,2.742,3.08,2,2,7,4,14,14,2086.81
5.349,2.025,1.901,9.57,2,5,5,10,10,25,2087.08
5.54,2.107,2.935,3.53,5,7,6,35,30,42,2087.47
5.083,2.532,2.086,6.91,1,7,4,7,4,28,2087.53
5.517,2.535,2.535,4.38,3,2,4,6,12,8,2087.66
5.336,2.323,2.524,3.75,2,1,7,2,14,7,2087.76
5.451,1.913,3.178,6.06,2,3,6,6,12,18,2087.81
5.422,2.367,2.575,6.7,3,6,4,18,12,24,2087.9
5.525,1.559,2.315,3.36,1,1,6,1,6,6,2087.99
5.354,2.898,3.097,5.67,1,5,3,5,3,15,2088.13
5.444,1.984,3.694,4.88,1,6,7,6,7,42,2088.44
5.43,1.59,1.934,4.95,4,7,6,28,24,42,2088.52
5.468,2.811,2.251,9.93,4,4,7,16,28,28,2088.74
5.083,2.532,2.086,6.91,1,7,4,7,4,28,2088.77
5.429,3.077,3.3,4.32,3,1,4,3,12,4,2089.24
5.281,2.729,2.072,5.86,3,5,4,15,12,20,2089.27
5.466,1.918,3.174,7.75,2,3,6,6,12,18,2089.51
5.485,1.847,2.716,8.88,1,7,5,7,5,35,2089.53
5.349,2.025,1.901,9.57,2,5,5,10,10,25,2089.53
5.412,1.911,2.692,9.12,2,2,2,4,4,4,2090.54
5.355,2.317,2.997,6,3,4,1,12,3,4,2090.6
5.515,2.097,2.597,4.01,3,7,7,21,21,49,2090.68
5.221,3.069,2.493,5.93,2,2,3,4,6,6,2090.69
5.492,1.715,2.756,3.58,3,7,7,21,21,49,2091.1
5.582,2.991,2.555,5.49,4,4,5,16,20,20,2091.32
5.417,3.403,2.182,6.1,3,5,1,15,3,5,2091.62
5.363,2.055,2.339,8.02,4,6,6,24,24,36,2091.89
5.445,2.816,2.252,5.4,4,4,7,16,28,28,2092.23
5.475,1.716,2.757,5.71,3,7,7,21,21,49,2092.24
5.778,1.903,3.333,5.44,4,1,6,4,24,6,2092.66
5.355,2.317,2.997,6,3,4,1,12,3,4,2092.78
5.466,1.918,3.174,7.75,2,3,6,6,12,18,2092.86
5.518,1.903,2.883,7.52,5,2,5,10,25,10,2093.22
5.422,2.32,2.993,6.05,3,4,5,12,15,20,2093.27
5.523,1.902,2.88,9.56,5,2,5,10,25,10,2093.57
5.54,2.107,2.935,3.53,5,7,6,35,30,42,2093.64
5.518,1.903,2.883,7.52,5,2,5,10,25,10,2094.44
5.26,2.853,2.762,5.7,1,3,4,3,4,12,2094.86
5.281,2.729,2.072,5.86,3,5,4,15,12,20,2095.16
5.394,3.405,2.188,4.07,3,5,1,15,3,5,2095.51
5.412,1.911,2.692,9.12,2,2,2,4,4,4,2096.05
5.492,2.612,2.811,4.18,2,4,7,8,14,28,2096.41
5.485,1.847,2.716,8.88,1,7,5,7,5,35,2096.83
5.58,2.195,3.171,3.48,3,3,5,9,15,15,2097.05
5.305,3.13,2.812,6.09,4,2,3,8,12,6,2097.07
5.576,2.975,2.118,6.78,3,7,1,21,3,7,2097.1
5.278,2.457,2.135,4.59,4,6,7,24,28,42,2097.11
5.391,2.108,2.581,9.56,3,6,1,18,3,6,2097.28
5.317,1.903,2.564,3.86,1,5,7,5,7,35,2097.75
5.308,2.562,1.957,9.09,4,7,7,28,28,49,2097.88
5.619,2.249,3.139,9.93,4,1,7,4,28,7,2097.96
5.432,2.78,2.463,6.18,2,7,5,14,10,35,2098.61
5.38,2.148,2.654,9.48,3,2,2,6,6,4,2098.67
5.492,1.483,2.302,9.74,3,7,7,21,21,49,2098.69
5.3,3.136,2.818,6.34,4,2,4,8,16,8,2099.13
5.445,2.816,2.252,5.4,4,4,7,16,28,28,2099.17
5.481,3.076,3.308,9.56,3,1,4,3,12,4,2099.76
5.321,1.859,2.522,3.37,4,3,7,12,28,21,2099.79
5.323,2.605,2.099,9.82,2,7,5,14,10,35,2099.84
5.435,2.38,2.558,4.81,1,1,7,1,7,7,2099.87
5.305,3.13,2.812,6.09,4,2,3,8,12,6,2100.26
5.26,2.853,2.762,5.7,1,3,4,3,4,12,2100.61
5.492,2.415,2.629,9.03,5,6,7,30,35,42,2100.61
5.3,3.136,2.818,6.34,4,2,4,8,16,8,2100.64
5.58,2.195,3.171,3.48,3,3,5,9,15,15,2101.03
5.435,2.38,2.558,4.81,1,1,7,1,7,7,2101.15
5.576,2.975,2.118,6.78,3,7,1,21,3,7,2101.84
5.471,2.049,3.074,5.92,4,2,5,8,20,10,2102.05
5.308,2.562,1.957,9.09,4,7,7,28,28,49,2102.15
5.432,2.78,2.463,6.18,2,7,5,14,10,35,2102.31
5.591,2.172,2.807,4.77,3,3,5,9,15,15,2102.83
5.639,2.299,2.428,5.67,5,2,7,10,35,14,2102.91
5.399,2.383,1.957,8.45,3,2,1,6,3,2,2103.96
5.447,2.067,2.928,9.64,1,5,7,5,7,35,2103.96
5.405,2.149,2.648,7.11,3,2,3,6,9,6,2104.05
5.253,2.206,2.498,6.47,4,4,7,16,28,28,2104.28
5.432,1.763,3.193,6.55,4,1,7,4,28,7,2104.36
5.471,2.049,3.074,5.92,4,2,5,8,20,10,2104.41
5.619,2.249,3.139,9.93,4,1,7,4,28,7,2104.77
5.639,2.299,2.428,5.67,5,2,7,10,35,14,2104.98
5.441,2.501,2.289,7.53,1,6,5,6,5,30,2105.1
5.432,1.763,3.193,6.55,4,1,7,4,28,7,2105.34
5.323,2.605,2.099,9.82,2,7,5,14,10,35,2105.54
5.163,2.849,2.768,6.25,1,3,1,3,1,3,2105.8
5.48,2.02,2.605,8.77,4,5,6,20,24,30,2106.06
5.391,2.144,2.658,4.48,3,2,1,6,3,2,2106.52
5.391,2.144,2.658,4.48,3,2,1,6,3,2,2107.32
5.442,1.671,2.617,7.07,2,3,6,6,12,18,2107.53
5.405,2.149,2.648,7.11,3,2,3,6,9,6,2107.64
5.163,2.619,1.653,9.12,1,4,2,4,2,8,2107.91
5.428,2.161,3.133,9.64,2,1,5,2,10,5,2108.09
5.441,2.501,2.289,7.53,1,6,5,6,5,30,2108.28
5.398,1.861,2.557,8.25,5,6,7,30,35,42,2108.33
5.438,1.875,2.952,4.53,1,6,7,6,7,42,2108.99
5.311,2.683,1.964,7.39,2,7,7,14,14,49,2109.46
5.428,2.161,3.133,9.64,2,1,5,2,10,5,2110.01
5.38,2.878,2.213,6.23,2,3,5,6,10,15,2110.77
5.322,2.38,1.97,3.08,3,2,3,6,9,6,2110.95
5.419,2.106,2.868,9.33,1,5,7,5,7,35,2111.11
5.477,1.533,2.169,8.14,2,2,7,4,14,14,2111.67
5.338,2.726,2.074,9.36,3,5,4,15,12,20,2111.73
5.469,2.11,2.935,7.95,5,7,6,35,30,42,2111.83
5.347,2.109,2.582,3.11,3,6,7,18,21,42,2111.86
5.478,1.881,2.951,9.11,1,6,6,6,6,36,2111.93
5.499,1.881,2.946,9.29,1,6,6,6,6,36,2111.95
5.339,3.506,1.987,4.82,2,2,1,4,2,2,2112.07
5.438,1.875,2.952,4.53,1,6,7,6,7,42,2112.3
5.343,2.604,2.107,9.99,2,7,5,14,10,35,2112.46
5.499,1.881,2.946,9.29,1,6,6,6,6,36,2112.46
5.477,1.533,2.169,8.14,2,2,7,4,14,14,2112.61
5.603,1.432,2.803,7.91,5,1,6,5,30,6,2112.7
5.347,2.295,2.936,3.42,3,7,7,21,21,49,2112.76
5.324,3.036,3.331,5.87,3,6,3,18,9,18,2112.87
5.469,2.11,2.935,7.95,5,7,6,35,30,42,2113.09
5.482,2.608,2.808,9.83,2,4,7,8,14,28,2113.35
5.559,2.416,2.635,6.24,5,6,6,30,30,36,2113.55
5.163,2.849,2.768,6.25,1,3,1,3,1,3,2113.6
5.241,2.076,2.044,3.04,4,7,6,28,24,42,2114.13
5.283,3.502,1.996,3.75,2,2,4,4,8,8,2114.49
5.279,2.687,1.958,3.18,2,7,5,14,10,35,2114.52
5.256,1.577,2.117,9.71,3,2,4,6,12,8,2114.54
5.339,3.506,1.987,4.82,2,2,1,4,2,2,2114.62
5.323,2.441,2.526,9.81,4,2,3,8,12,6,2114.63
5.419,2.106,2.868,9.33,1,5,7,5,7,35,2115.07
5.357,1.811,1.908,3.2,5,4,6,20,30,24,2115.19
5.395,1.756,2.235,4.94,4,1,6,4,24,6,2115.24
5.373,2.88,2.212,8.87,2,3,5,6,10,15,2115.41
5.324,3.036,3.331,5.87,3,6,3,18,9,18,2115.45
5.521,2.539,2.532,6.6,3,2,4,6,12,8,2115.51
5.448,2.159,3.131,7.73,2,1,6,2,12,6,2115.69
5.172,3.067,2.495,6.98,2,2,4,4,8,8,2115.74
5.359,2.186,1.924,6.75,4,4,7,16,28,28,2115.78
5.595,2.251,3.133,4.27,4,1,6,4,24,6,2115.8
5.274,2.727,2.075,8.46,3,5,2,15,6,10,2115.96
5.368,3.135,2.813,8.84,4,2,4,8,16,8,2116.27
5.607,2.995,2.556,7.03,4,4,7,16,28,28,2116.57
5.487,2.5,2.298,7.07,1,6,5,6,5,30,2116.89
5.338,2.726,2.074,9.36,3,5,4,15,12,20,2117.14
5.445,2.715,2.401,6.53,5,6,7,30,35,42,2117.48
5.283,3.502,1.996,3.75,2,2,4,4,8,8,2117.65
5.521,2.539,2.532,6.6,3,2,4,6,12,8,2117.68
5.359,2.186,1.924,6.75,4,4,7,16,28,28,2117.85
5.347,2.295,2.936,3.42,3,7,7,21,21,49,2117.93
5.348,3.037,3.326,4.65,3,6,2,18,6,12,2117.97
5.348,3.037,3.326,4.65,3,6,2,18,6,12,2118.32
5.518,2.815,2.248,5.13,4,4,6,16,24,24,2119.18
5.335,1.907,2.558,9.11,1,5,7,5,7,35,2119.69
5.335,1.907,2.558,9.11,1,5,7,5,7,35,2120.08
5.343,2.604,2.107,9.99,2,7,5,14,10,35,2120.2
5.293,1.814,1.907,4.33,5,4,6,20,30,24,2120.43
5.519,1.478,2.301,4.31,3,7,6,21,18,42,2120.92
5.475,2.534,2.535,5.95,3,2,3,6,9,6,2121.01
5.279,1.5,2.328,9.25,4,2,5,8,20,10,2121.02
5.378,1.908,2.564,7.68,1,5,6,5,6,30,2121.37
5.418,2.1,2.599,8,3,7,7,21,21,49,2121.38
5.509,1.609,2.318,8.76,1,5,7,5,7,35,2121.42
5.348,3.035,3.328,6.39,3,6,3,18,9,18,2121.55
5.108,2.684,1.899,6.36,4,3,5,12,20,15,2121.63
5.129,3.311,2.692,4.17,3,6,3,18,9,18,2121.75
5.329,2.387,1.957,8.91,3,2,4,6,12,8,2121.75
5.33,2.104,2.2,5.58,3,6,5,18,15,30,2121.92
5.348,3.035,3.328,6.39,3,6,3,18,9,18,2122.04
5.279,2.687,1.958,3.18,2,7,5,14,10,35,2122.25
5.415,2.055,2.344,4.13,4,6,6,24,24,36,2122.75
5.321,2.635,2.531,7.14,4,6,5,24,20,30,2122.83
5.418,2.1,2.599,8,3,7,7,21,21,49,2122.86
5.306,1.989,2.657,8.08,5,5,7,25,35,35,2122.96
5.519,2.07,3.138,5.78,1,5,7,5,7,35,2123.03
5.487,2.5,2.298,7.07,1,6,5,6,5,30,2123.18
5.613,2.977,2.11,3.69,3,7,5,21,15,35,2123.3
5.323,2.441,2.526,9.81,4,2,3,8,12,6,2123.37
5.321,2.635,2.531,7.14,4,6,5,24,20,30,2123.37
5.415,2.055,2.344,4.13,4,6,6,24,24,36,2124
5.293,1.814,1.907,4.33,5,4,6,20,30,24,2124.14
5.519,2.07,3.138,5.78,1,5,7,5,7,35,2124.15
5.33,2.877,2.214,9.55,2,3,5,6,10,15,2124.16
5.441,1.613,2.318,9.5,1,5,6,5,6,30,2124.18
5.224,1.873,1.974,8.15,2,7,7,14,14,49,2124.42
5.378,1.908,2.564,7.68,1,5,6,5,6,30,2124.47
5.549,2.176,2.811,3.67,3,3,7,9,21,21,2124.93
5.413,1.915,3.168,8.69,2,3,6,6,12,18,2125.38
5.598,2.086,2.137,8.62,4,6,7,24,28,42,2125.48
5.598,2.086,2.137,8.62,4,6,7,24,28,42,2125.52
5.549,2.176,2.811,3.67,3,3,7,9,21,21,2125.66
5.459,2.816,2.252,4.65,4,4,7,16,28,28,2125.84
5.129,3.311,2.692,4.17,3,6,3,18,9,18,2126.46
5.417,3.141,2.915,4.35,1,4,5,4,5,20,2127.2
5.417,3.141,2.915,4.35,1,4,5,4,5,20,2127.3
5.393,2.731,2.468,9.45,5,3,7,15,35,21,2127.4
5.613,2.977,2.11,3.69,3,7,5,21,15,35,2127.9
5.434,2.021,2.612,8.89,4,5,6,20,24,30,2127.9
5.306,1.989,2.657,8.08,5,5,7,25,35,35,2127.93
5.555,1.714,2.752,5.67,3,7,6,21,18,42,2128.1
5.393,2.731,2.468,9.45,5,3,7,15,35,21,2128.13
5.2,2.296,2.496,5.63,1,6,5,6,5,30,2128.26
5.441,1.613,2.318,9.5,1,5,6,5,6,30,2128.26
5.112,3.311,2.693,7.62,3,6,2,18,6,12,2128.31
5.413,1.915,3.168,8.69,2,3,6,6,12,18,2128.42
5.386,1.829,2.794,7.68,4,3,6,12,24,18,2128.54
5.27,1.721,2.614,3.62,3,6,7,18,21,42,2128.88
5.389,2.318,2.993,8.71,3,4,5,12,15,20,2128.97
5.33,2.877,2.214,9.55,2,3,5,6,10,15,2129.09
5.555,1.714,2.752,5.67,3,7,6,21,18,42,2129.32
5.602,1.839,3.112,5.31,1,2,3,2,3,6,2130.83
5.069,2.974,2.345,8.66,4,2,2,8,8,4,2131.4
5.527,2.067,3.152,7.59,1,5,6,5,6,30,2131.98
5.482,2.553,2.511,4.87,1,3,7,3,7,21,2132.41
5.469,2.556,2.507,6.06,1,3,7,3,7,21,2132.55
5.269,1.5,2.335,4.27,4,2,6,8,24,12,2132.62
5.338,2.602,2.101,5.21,2,7,6,14,12,42,2132.77
5.2,2.296,2.496,5.63,1,6,5,6,5,30,2133.09
5.391,2.146,2.65,5.43,3,2,2,6,6,4,2133.26
5.129,3.067,2.493,3.36,2,2,1,4,2,2,2133.49
5.453,2.254,2.631,3.65,3,1,5,3,15,5,2134.02
5.269,1.5,2.335,4.27,4,2,6,8,24,12,2134.17
5.453,2.254,2.631,3.65,3,1,5,3,15,5,2134.37
5.38,2.247,2.626,9.79,3,1,5,3,15,5,2134.58
5.344,3.132,2.807,5.62,4,2,1,8,4,2,2134.72
5.147,1.868,1.972,6.57,2,7,7,14,14,49,2134.72
5.147,1.868,1.972,6.57,2,7,7,14,14,49,2135.15
5.394,2.104,2.867,7.37,1,5,7,5,7,35,2135.27
5.478,2.019,2.608,9.78,4,5,6,20,24,30,2136.04
5.478,2.019,2.608,9.78,4,5,6,20,24,30,2136.85
5.431,3.405,2.187,8.58,3,5,4,15,12,20,2137.51
5.394,2.104,2.867,7.37,1,5,7,5,7,35,2137.57
5.069,2.974,2.345,8.66,4,2,2,8,8,4,2137.63
5.156,2.532,2.079,4.78,1,7,5,7,5,35,2137.75
5.431,3.405,2.187,8.58,3,5,4,15,12,20,2137.76
5.391,2.146,2.65,5.43,3,2,2,6,6,4,2137.78
5.527,2.067,3.152,7.59,1,5,6,5,6,30,2137.85
5.389,1.757,2.844,5.79,2,6,6,12,12,36,2137.95
5.296,3.327,1.827,3.32,3,3,3,9,9,9,2137.95
5.3,1.854,2.202,4.98,1,6,7,6,7,42,2138.02
5.411,1.885,2.405,8.98,4,4,6,16,24,24,2138.03
5.602,1.839,3.112,5.31,1,2,3,2,3,6,2138.04
5.482,2.553,2.511,4.87,1,3,7,3,7,21,2138.08
5.164,3.307,2.691,3.44,3,6,1,18,3,6,2138.38
5.526,3.052,2.729,3.34,3,1,5,3,15,5,2138.57
5.526,3.052,2.729,3.34,3,1,5,3,15,5,2138.93
5.617,2.79,2.836,4.72,3,4,7,12,21,28,2139.65
5.389,1.757,2.844,5.79,2,6,6,12,12,36,2139.99
5.356,2.187,1.921,3.84,4,4,6,16,24,24,2140.02
5.3,1.854,2.202,4.98,1,6,7,6,7,42,2140.03
5.38,2.247,2.626,9.79,3,1,5,3,15,5,2140.08
5.296,3.327,1.827,3.32,3,3,3,9,9,9,2140.56
5.385,1.92,3.167,4.09,2,3,6,6,12,18,2140.66
5.264,2.727,2.076,5.59,3,5,5,15,15,25,2140.85
5.425,2.37,2.578,9.21,3,6,7,18,21,42,2141
5.156,2.532,2.079,4.78,1,7,5,7,5,35,2141.03
5.307,2.101,2.202,8.24,3,6,5,18,15,30,2141.17
5.324,2.675,2.32,8.79,2,3,7,6,14,21,2141.21
5.375,2.053,2.343,7.01,4,6,6,24,24,36,2141.24
5.375,2.053,2.343,7.01,4,6,6,24,24,36,2141.5
5.307,2.101,2.202,8.24,3,6,5,18,15,30,2142.55
5.617,2.79,2.836,4.72,3,4,7,12,21,28,2142.66
5.356,2.187,1.921,3.84,4,4,6,16,24,24,2142.81
5.32,2.288,2.227,9.35,3,2,3,6,9,6,2142.84
5.255,1.859,2.512,9.74,4,3,7,12,28,21,2142.96
5.264,2.727,2.076,5.59,3,5,5,15,15,25,2143.37
5.425,2.37,2.578,9.21,3,6,7,18,21,42,2143.78
5.371,2.679,2.318,8.44,2,3,7,6,14,21,2143.83
5.675,1.837,3.116,8.53,1,2,1,2,1,2,2143.87
5.54,1.906,2.883,5.88,5,2,7,10,35,14,2144.7
5.384,2.293,2.927,7.94,3,7,7,21,21,49,2144.89
5.563,2.071,3.141,3.27,1,5,6,5,6,30,2145.71
5.384,2.293,2.927,7.94,3,7,7,21,21,49,2145.81
5.54,1.906,2.883,5.88,5,2,7,10,35,14,2145.91
5.371,2.679,2.318,8.44,2,3,7,6,14,21,2146.7
5.413,2.371,2.579,8.84,3,6,5,18,15,30,2146.71
5.621,1.904,2.878,4.02,5,2,6,10,30,12,2146.8
5.202,3.07,2.496,9.52,2,2,1,4,2,2,2147.27
5.289,2.917,2.171,6.14,4,7,7,28,28,49,2148.06
5.412,2.034,1.911,3.09,1,2,4,2,4,8,2148.39
5.301,2.287,2.223,9.46,3,2,1,6,3,2,2148.43
5.487,1.589,1.926,7.69,4,7,6,28,24,42,2148.61
5.23,2.257,1.927,7.3,1,1,7,1,7,7,2148.62
5.431,1.982,2.326,9.66,5,2,7,10,35,14,2148.68
5.23,2.257,1.927,7.3,1,1,7,1,7,7,2148.81
5.228,3.307,2.687,5.3,3,6,3,18,9,18,2148.91
5.431,1.982,2.326,9.66,5,2,7,10,35,14,2149.93
5.289,2.917,2.171,6.14,4,7,7,28,28,49,2150.54
5.301,2.287,2.223,9.46,3,2,1,6,3,2,2151.12
5.334,2.057,2.34,6.11,4,6,6,24,24,36,2151.54
5.377,3.404,2.182,6.6,3,5,3,15,9,15,2151.72
5.38,2.177,2.141,9.81,4,1,6,4,24,6,2151.76
5.429,2.068,2.93,5.83,1,5,7,5,7,35,2151.79
5.259,3.324,1.828,8.33,3,3,3,9,9,9,2152.27
5.345,2.151,2.649,4.78,3,2,3,6,9,6,2152.94
5.52,1.482,2.292,8.46,3,7,7,21,21,49,2153.77
5.24,2.984,2.467,5.76,4,1,7,4,28,7,2154.02
5.52,1.482,2.292,8.46,3,7,7,21,21,49,2154.42
5.539,1.482,2.296,8.11,3,7,6,21,18,42,2154.68
5.345,2.151,2.649,4.78,3,2,3,6,9,6,2154.92
5.336,2.246,2.625,4.3,3,1,5,3,15,5,2154.95
5.38,2.177,2.141,9.81,4,1,6,4,24,6,2155.31
5.377,3.404,2.182,6.6,3,5,3,15,9,15,2155.44
5.429,2.068,2.93,5.83,1,5,7,5,7,35,2155.78
5.334,2.057,2.34,6.11,4,6,6,24,24,36,2155.98
5.387,1.486,2.783,6.77,4,3,6,12,24,18,2156.03
5.336,2.897,3.094,5.63,1,5,7,5,7,35,2157.02
5.11,3.307,2.691,9.83,3,6,2,18,6,12,2157.27
5.24,2.984,2.467,5.76,4,1,7,4,28,7,2157.49
5.539,1.482,2.296,8.11,3,7,6,21,18,42,2157.78
5.416,1.537,2.163,8.21,2,2,6,4,12,12,2158.01
5.522,1.867,2.332,9.19,4,5,6,20,24,30,2158.77
5.602,2.975,2.11,8.79,3,7,7,21,21,49,2159.05
5.445,2.314,2.996,6.68,3,4,7,12,21,28,2159.83
5.489,2.815,2.251,3.3,4,4,6,16,24,24,2160.14
5.416,1.537,2.163,8.21,2,2,6,4,12,12,2160.15
5.544,2.237,2.538,8.03,2,6,6,12,12,36,2160.37
5.522,1.867,2.332,9.19,4,5,6,20,24,30,2160.54
5.387,1.486,2.783,6.77,4,3,6,12,24,18,2160.71
5.403,2.066,2.927,7.66,1,5,6,5,6,30,2161.13
5.366,2.034,1.908,6.73,1,2,1,2,1,2,2161.52
5.6,2.294,2.429,4,5,2,6,10,30,12,2161.52
5.394,2.314,2.997,7.65,3,4,5,12,15,20,2161.84
5.366,2.034,1.908,6.73,1,2,1,2,1,2,2162.15
5.248,2.686,1.96,5.02,2,7,7,14,14,49,2163.18
5.397,2.677,2.318,3.97,2,3,6,6,12,18,2164.21
5.489,2.815,2.251,3.3,4,4,6,16,24,24,2164.29
5.403,2.066,2.927,7.66,1,5,6,5,6,30,2164.51
5.339,3.501,1.992,4.79,2,2,1,4,2,2,2164.78
5.339,3.501,1.992,4.79,2,2,1,4,2,2,2164.93
5.262,3.036,2.337,5.52,4,1,7,4,28,7,2164.94
5.262,3.036,2.337,5.52,4,1,7,4,28,7,2165.07
5.26,2.32,2.519,3.46,2,1,6,2,12,6,2165.17
5.326,1.863,2.559,6.16,5,6,6,30,30,36,2165.65
5.571,2.181,2.811,7.68,3,3,7,9,21,21,2165.89
5.299,2.918,2.171,4.9,4,7,6,28,24,42,2165.96
5.6,2.294,2.429,4,5,2,6,10,30,12,2166.52
5.307,2.146,2.228,7.92,5,2,7,10,35,14,2166.85
5.434,1.555,2.791,9.01,5,2,7,10,35,14,2167.02
5.51,2.786,2.836,7.87,3,4,5,12,15,20,2167.03
5.307,2.146,2.228,7.92,5,2,7,10,35,14,2167.36
5.244,2.605,2.107,4.88,2,7,7,14,14,49,2167.38
5.244,2.605,2.107,4.88,2,7,7,14,14,49,2167.52
5.571,2.181,2.811,7.68,3,3,7,9,21,21,2167.81
5.299,2.918,2.171,4.9,4,7,6,28,24,42,2168.02
5.248,2.686,1.96,5.02,2,7,7,14,14,49,2168.27
5.397,2.677,2.318,3.97,2,3,6,6,12,18,2168.73
5.336,2.246,2.625,4.3,3,1,5,3,15,5,2168.82
5.138,3.071,2.5,9.5,2,2,1,4,2,2,2169.6
5.242,2.986,2.468,3.33,4,1,7,4,28,7,2169.61
5.454,2.208,2.772,9.76,2,2,5,4,10,10,2170.22
5.197,2.203,2.49,6.97,4,4,6,16,24,24,2170.74
5.408,1.877,2.95,5.85,1,6,6,6,6,36,2170.78
5.435,2.721,2.4,6.24,5,6,7,30,35,42,2171.2
5.275,1.573,2.114,7.87,3,2,5,6,15,10,2171.46
5.454,2.208,2.772,9.76,2,2,5,4,10,10,2172.01
5.242,2.986,2.468,3.33,4,1,7,4,28,7,2172.01
5.275,1.573,2.114,7.87,3,2,5,6,15,10,2172.14
5.069,2.974,2.346,7.22,4,2,4,8,16,8,2172.21
5.295,2.289,2.22,5.86,3,2,5,6,15,10,2172.32
5.434,1.555,2.791,9.01,5,2,7,10,35,14,2172.96
5.149,2.901,2.478,9.91,4,2,3,8,12,6,2173.11
5.241,1.975,2.028,7.5,1,3,7,3,7,21,2173.25
5.575,2.297,2.433,5.88,5,2,7,10,35,14,2173.5
5.285,2.183,2.143,6.49,4,1,6,4,24,6,2174.15
5.241,1.975,2.028,7.5,1,3,7,3,7,21,2174.85
5.408,1.877,2.95,5.85,1,6,6,6,6,36,2175.11
5.295,2.289,2.22,5.86,3,2,5,6,15,10,2175.19
5.56,2.973,2.106,9.51,3,7,7,21,21,49,2177.41
5.56,2.973,2.106,9.51,3,7,7,21,21,49,2177.51
5.147,2.52,2.095,8.02,2,7,7,14,14,49,2177.79
5.36,2.149,2.232,6.1,5,2,5,10,25,10,2178.06
5.489,2.611,2.815,8.14,2,4,6,8,12,24,2178.32
5.489,2.611,2.815,8.14,2,4,6,8,12,24,2179.2
5.364,2.385,1.961,8.26,3,2,3,6,9,6,2179.44
5.497,2.534,2.536,3.72,3,2,7,6,21,14,2180.42
5.302,2.877,2.213,6.4,2,3,6,6,12,18,2181.25
5.213,1.986,2.651,6.73,5,5,6,25,30,30,2181.37
5.433,1.985,2.316,6.9,5,2,7,10,35,14,2181.53
5.478,2.415,2.631,3.2,5,6,6,30,30,36,2181.57
5.364,2.385,1.961,8.26,3,2,3,6,9,6,2181.59
5.396,1.538,2.174,5.83,2,2,7,4,14,14,2182.21
5.435,2.721,2.4,6.24,5,6,7,30,35,42,2182.35
5.436,2.334,2.386,9.47,1,3,6,3,6,18,2182.37
5.291,3.501,1.986,3.47,2,2,5,4,10,10,2182.66
5.302,2.877,2.213,6.4,2,3,6,6,12,18,2182.9
5.307,1.811,1.904,8.75,5,4,6,20,30,24,2183.08
5.487,2.207,2.773,5.28,2,2,6,4,12,12,2183.64
5.414,1.828,2.769,3.84,5,2,6,10,30,12,2183.73
5.478,2.415,2.631,3.2,5,6,6,30,30,36,2183.9
5.312,2.32,2.524,8.08,2,1,6,2,12,6,2184.53
5.126,2.517,2.088,6.55,2,7,6,14,12,42,2184.86
5.445,2.098,2.593,8.29,3,7,6,21,18,42,2185.38
5.126,2.517,2.088,6.55,2,7,6,14,12,42,2186.56
5.304,2.111,2.579,8.26,3,6,5,18,15,30,2186.95
5.127,2.231,2.618,4.73,2,1,7,2,14,7,2187.56
5.525,1.846,2.711,4.34,1,7,6,7,6,42,2187.6
5.127,2.231,2.618,4.73,2,1,7,2,14,7,2188.16
5.345,2.283,2.214,4.44,3,2,5,6,15,10,2189.19
5.435,1.983,3.705,9.32,1,6,6,6,6,36,2189.33
5.392,2.604,2.619,9.63,1,2,3,2,3,6,2189.57
5.389,2.677,2.236,3.46,2,5,6,10,12,30,2190.89
5.421,3.146,2.919,5.68,1,4,5,4,5,20,2190.89
5.5,2.555,2.507,3.09,1,3,6,3,6,18,2191.07
5.516,2.786,2.841,7.73,3,4,7,12,21,28,2191.13
5.134,2.53,2.08,7.75,1,7,7,7,7,49,2191.22
5.465,1.554,2.789,3.03,5,2,6,10,30,12,2191.24
5.389,2.677,2.236,3.46,2,5,6,10,12,30,2191.38
5.134,2.53,2.08,7.75,1,7,7,7,7,49,2191.55
5.465,1.554,2.789,3.03,5,2,6,10,30,12,2191.86
5.223,3.033,2.328,9.83,4,1,7,4,28,7,2192.14
5.384,1.905,2.554,6.72,1,5,6,5,6,30,2192.29
5.223,3.033,2.328,9.83,4,1,7,4,28,7,2192.48
5.563,1.905,2.878,6.92,5,2,6,10,30,12,2192.64
5.542,2.557,2.507,8.04,1,3,6,3,6,18,2192.71
5.347,2.035,1.914,8.38,1,2,2,2,2,4,2192.78
5.221,2.455,2.13,6.92,4,6,6,24,24,36,2193.21
5.563,1.905,2.878,6.92,5,2,6,10,30,12,2193.49
5.665,1.837,3.107,8.91,1,2,1,2,1,2,2194.18
5.384,1.905,2.554,6.72,1,5,6,5,6,30,2194.48
5.185,3.309,2.688,9.88,3,6,5,18,15,30,2195.12
5.202,2.62,1.66,7.82,1,4,5,4,5,20,2196.08
5.347,2.035,1.914,8.38,1,2,2,2,2,4,2196.13
5.384,3.077,3.297,3.18,3,1,7,3,21,7,2196.2
5.311,2.284,2.214,6.62,3,2,5,6,15,10,2196.68
5.413,1.985,3.706,3.21,1,6,6,6,6,36,2197.13
5.311,2.284,2.214,6.62,3,2,5,6,15,10,2197.52
5.665,1.837,3.107,8.91,1,2,1,2,1,2,2198
5.367,1.642,2.947,6.69,2,2,6,4,12,12,2198.38
5.249,3.069,2.499,3.82,2,2,5,4,10,10,2199.45
5.345,2.283,2.214,4.44,3,2,5,6,15,10,2199.54
5.418,2.933,1.801,5.38,4,5,6,20,24,30,2199.62
5.427,3.403,2.186,7.95,3,5,7,15,21,35,2199.84
5.132,2.624,1.654,6.77,1,4,7,4,7,28,2200.73
5.19,2.848,2.767,4.31,1,3,7,3,7,21,2201.6
5.475,2.535,2.53,8.62,3,2,5,6,15,10,2202.54
5.402,2.321,2.993,8.24,3,4,7,12,21,28,2202.67
5.29,2.62,1.981,4.12,1,2,2,2,2,4,2202.72
5.29,2.62,1.981,4.12,1,2,2,2,2,4,2203.08
5.427,3.403,2.186,7.95,3,5,7,15,21,35,2203.57
5.19,2.848,2.767,4.31,1,3,7,3,7,21,2203.73
5.384,3.077,3.297,3.18,3,1,7,3,21,7,2203.99
5.132,2.624,1.654,6.77,1,4,7,4,7,28,2204.69
5.249,1.971,2.029,7.49,1,3,6,3,6,18,2204.91
5.249,3.069,2.499,3.82,2,2,5,4,10,10,2205.03
5.211,2.9,2.477,4.6,4,2,5,8,20,10,2205.92
5.413,1.985,3.706,3.21,1,6,6,6,6,36,2206.06
5.113,3.309,2.689,7.04,3,6,2,18,6,12,2206.64
5.464,1.826,2.769,7.4,5,2,6,10,30,12,2207.24
5.402,2.321,2.993,8.24,3,4,7,12,21,28,2207.75
5.145,2.902,2.482,4.58,4,2,5,8,20,10,2208.03
5.475,2.535,2.53,8.62,3,2,5,6,15,10,2208.79
5.506,2.554,2.512,4.33,1,3,6,3,6,18,2208.84
5.188,1.5,2.33,4.91,4,2,6,8,24,12,2209.16
5.506,2.554,2.512,4.33,1,3,6,3,6,18,2209.79
5.246,2.101,2.196,6.12,3,6,7,18,21,42,2210.42
5.198,1.947,1.961,7.77,1,5,6,5,6,30,2211.02
5.465,2.732,2.472,7.51,5,3,6,15,30,18,2211.32
5.198,1.947,1.961,7.77,1,5,6,5,6,30,2211.58
5.335,3.032,3.335,3.7,3,6,5,18,15,30,2211.67
5.468,1.968,1.931,9.62,1,4,6,4,6,24,2211.83
5.331,2.107,2.577,8.9,3,6,6,18,18,36,2212.2
5.335,3.032,3.335,3.7,3,6,5,18,15,30,2212.26
5.363,2.15,2.656,7.21,3,2,5,6,15,10,2212.47
5.363,2.15,2.656,7.21,3,2,5,6,15,10,2212.62
5.36,2.616,1.993,6.27,1,2,3,2,3,6,2213.23
5.465,2.732,2.472,7.51,5,3,6,15,30,18,2214.36
5.468,1.968,1.931,9.62,1,4,6,4,6,24,2214.93
5.364,1.829,2.766,7.9,5,2,6,10,30,12,2215.06
5.188,1.5,2.33,4.91,4,2,6,8,24,12,2215.52
5.318,2.618,1.984,4.96,1,2,2,2,2,4,2216.38
5.196,3.325,1.833,5.43,3,3,5,9,15,15,2216.4
5.28,2.561,1.959,9.18,4,7,6,28,24,42,2216.54
5.404,3.036,3.332,7.21,3,6,7,18,21,42,2216.54
5.156,2.534,2.083,9.06,1,7,5,7,5,35,2217.66
5.258,3.326,1.832,3.67,3,3,5,9,15,15,2217.72
5.17,2.452,2.129,4.83,4,6,6,24,24,36,2217.82
5.289,3.327,1.828,4.66,3,3,5,9,15,15,2218.41
5.28,2.561,1.959,9.18,4,7,6,28,24,42,2218.95
5.362,2.931,1.803,8.47,4,5,6,20,24,30,2219.07
5.258,3.326,1.832,3.67,3,3,5,9,15,15,2219.39
5.362,2.931,1.803,8.47,4,5,6,20,24,30,2219.54
5.404,3.036,3.332,7.21,3,6,7,18,21,42,2219.86
5.281,2.438,2.529,5.34,4,2,7,8,28,14,2220
5.221,1.499,2.333,4.7,4,2,6,8,24,12,2220.16
5.344,3.131,2.817,3.26,4,2,7,8,28,14,2221.1
5.231,2.684,1.958,4.97,2,7,6,14,12,42,2221.12
5.395,3.407,2.193,9.55,3,5,5,15,15,25,2221.89
5.292,2.438,2.527,6.39,4,2,7,8,28,14,2222.04
5.199,2.85,2.764,7.69,1,3,7,3,7,21,2222.43
5.285,2.256,1.917,8.36,1,1,6,1,6,6,2222.64
5.128,2.515,2.097,7.87,2,7,6,14,12,42,2222.78
5.17,2.452,2.129,4.83,4,6,6,24,24,36,2223.24
5.221,1.499,2.333,4.7,4,2,6,8,24,12,2223.44
5.199,2.85,2.764,7.69,1,3,7,3,7,21,2225.08
5.196,3.325,1.833,5.43,3,3,5,9,15,15,2225.32
5.349,2.599,2.622,4.22,1,2,4,2,4,8,2225.37
5.621,2.296,2.431,8.77,5,2,6,10,30,12,2225.78
5.349,2.599,2.622,4.22,1,2,4,2,4,8,2225.97
5.32,1.638,2.952,7.22,2,2,6,4,12,12,2226.04
5.477,3.143,2.917,7.68,1,4,6,4,6,24,2226.44
5.264,3.152,1.689,4.3,1,2,4,2,4,8,2226.6
5.231,2.684,1.958,4.97,2,7,6,14,12,42,2227
5.254,2.989,2.469,8.69,4,1,7,4,28,7,2228.91
5.294,3.322,1.837,6.47,3,3,5,9,15,15,2229.87
5.282,2.207,2.486,7.59,4,4,6,16,24,24,2230.34
5.181,3.07,2.491,4.08,2,2,7,4,14,14,2231.68
5.254,2.989,2.469,8.69,4,1,7,4,28,7,2232.09
5.294,3.322,1.837,6.47,3,3,5,9,15,15,2232.59
5.266,1.577,2.114,7.51,3,2,5,6,15,10,2233.03
5.282,2.207,2.486,7.59,4,4,6,16,24,24,2233.15
5.109,2.516,2.097,7.91,2,7,6,14,12,42,2233.66
5.32,1.638,2.952,7.22,2,2,6,4,12,12,2234.62
5.442,3.407,2.185,3.69,3,5,7,15,21,35,2235.12
5.477,3.143,2.917,7.68,1,4,6,4,6,24,2235.38
5.442,3.407,2.185,3.69,3,5,7,15,21,35,2235.52
5.402,2.602,2.615,8.2,1,2,1,2,1,2,2235.96
5.103,2.903,2.483,4.32,4,2,7,8,28,14,2236.54
5.463,3.051,2.727,8.85,3,1,7,3,21,7,2238.43
5.463,3.051,2.727,8.85,3,1,7,3,21,7,2238.73
5.266,1.577,2.114,7.51,3,2,5,6,15,10,2238.86
5.275,2.106,2.19,9.68,3,6,6,18,18,36,2239.4
5.406,2.208,2.771,7.63,2,2,6,4,12,12,2239.6
5.103,2.903,2.483,4.32,4,2,7,8,28,14,2239.76
5.293,3.503,1.991,3.7,2,2,7,4,14,14,2240.29
5.16,2.902,2.479,3.37,4,2,7,8,28,14,2240.35
5.109,2.516,2.097,7.91,2,7,6,14,12,42,2240.38
5.38,3.074,3.302,7.72,3,1,5,3,15,5,2240.74
5.092,2.529,2.084,3.26,1,7,6,7,6,42,2241.95
5.347,2.381,1.958,8.26,3,2,5,6,15,10,2242.42
5.406,2.208,2.771,7.63,2,2,6,4,12,12,2242.8
5.347,2.381,1.958,8.26,3,2,5,6,15,10,2243.52
5.38,3.074,3.302,7.72,3,1,5,3,15,5,2243.93
5.092,2.529,2.084,3.26,1,7,6,7,6,42,2244.1
5.254,2.724,2.069,4.55,3,5,6,15,18,30,2244.13
5.337,3.075,3.3,6.92,3,1,7,3,21,7,2244.26
5.385,2.378,1.965,5.46,3,2,7,6,21,14,2245.79
5.402,2.602,2.615,8.2,1,2,1,2,1,2,2246.59
5.357,3.501,1.989,3.41,2,2,5,4,10,10,2248.66
5.254,2.724,2.069,4.55,3,5,6,15,18,30,2248.78
5.357,3.501,1.989,3.41,2,2,5,4,10,10,2249.27
5.385,2.378,1.965,5.46,3,2,7,6,21,14,2249.82
5.238,2.898,3.101,3.89,1,5,6,5,6,30,2249.86
5.253,3.326,1.829,6.75,3,3,5,9,15,15,2250.39
5.406,2.368,2.582,4.28,3,6,6,18,18,36,2251.15
5.238,2.898,3.101,3.89,1,5,6,5,6,30,2251.45
5.269,2.677,2.239,8.08,2,5,6,10,12,30,2252.05
5.153,2.535,2.084,9.94,1,7,7,7,7,49,2253.02
5.406,2.368,2.582,4.28,3,6,6,18,18,36,2254.09
5.452,2.051,3.072,6.66,4,2,6,8,24,12,2255.67
5.297,3.151,1.688,3.86,1,2,1,2,1,2,2256.29
5.253,3.326,1.829,6.75,3,3,5,9,15,15,2257.22
5.668,1.843,3.108,3.1,1,2,7,2,7,14,2257.93
5.395,2.603,2.615,9.45,1,2,2,2,2,4,2258.52
5.312,3.504,1.986,5.58,2,2,7,4,14,14,2258.68
5.269,2.677,2.239,8.08,2,5,6,10,12,30,2260.8
5.452,2.051,3.072,6.66,4,2,6,8,24,12,2261.18
5.068,2.978,2.35,4.43,4,2,5,8,20,10,2263.44
5.175,2.62,1.657,9.51,1,4,6,4,6,24,2263.48
5.668,1.843,3.108,3.1,1,2,7,2,7,14,2263.77
5.446,2.603,2.621,5.19,1,2,4,2,4,8,2264.7
5.496,2.53,2.533,8.33,3,2,5,6,15,10,2266.64
5.312,3.504,1.986,5.58,2,2,7,4,14,14,2267.08
5.332,2.15,2.652,7.35,3,2,7,6,21,14,2267.22
5.231,2.895,3.095,6.08,1,5,7,5,7,35,2268.64
5.317,2.897,3.094,9.07,1,5,6,5,6,30,2269.2
5.446,2.603,2.621,5.19,1,2,4,2,4,8,2269.6
5.496,2.53,2.533,8.33,3,2,5,6,15,10,2269.93
5.317,2.897,3.094,9.07,1,5,6,5,6,30,2272.73
5.293,2.296,2.495,9.26,1,6,6,6,6,36,2276.89
5.185,1.577,2.117,7.85,3,2,7,6,21,14,2276.94
5.315,2.293,2.932,5.02,3,7,6,21,18,42,2277.78
5.211,3.033,2.337,8.13,4,1,6,4,24,6,2278.61
5.355,2.618,1.992,8.32,1,2,2,2,2,4,2280.38
5.185,1.577,2.117,7.85,3,2,7,6,21,14,2281.45
5.211,3.033,2.337,8.13,4,1,6,4,24,6,2281.86
5.425,3.053,2.722,3.3,3,1,6,3,18,6,2282.82
5.315,2.293,2.932,5.02,3,7,6,21,18,42,2283.37
5.355,2.618,1.992,8.32,1,2,2,2,2,4,2284.83
5.287,3.153,1.692,5.87,1,2,2,2,2,4,2291.78
5.287,3.153,1.692,5.87,1,2,2,2,2,4,2293.11
5.279,3.154,1.69,5.69,1,2,2,2,2,4,2296.41
5.234,2.639,2.521,8.97,4,6,6,24,24,36,2299.13
5.234,2.639,2.521,8.97,4,6,6,24,24,36,2304.44
5.144,2.902,2.484,5.42,4,2,6,8,24,12,2305.65
5.268,3.133,2.814,7.05,4,2,6,8,24,12,2309.63
5.172,2.9,2.489,7.9,4,2,6,8,24,12,2310.97
5.268,3.133,2.814,7.05,4,2,6,8,24,12,2312.82
5.411,2.032,1.917,6.69,1,2,7,2,7,14,2313.09
5.297,1.573,2.123,3.99,3,2,6,6,18,12,2313.49
5.297,1.573,2.123,3.99,3,2,6,6,18,12,2315.81
5.638,1.833,3.111,6.55,1,2,6,2,6,12,2317.32
5.31,2.381,1.958,8.17,3,2,7,6,21,14,2318.57
5.31,2.381,1.958,8.17,3,2,7,6,21,14,2318.87
5.638,1.833,3.111,6.55,1,2,6,2,6,12,2321.37
5.372,3.031,3.329,8.01,3,6,6,18,18,36,2323.05
5.473,2.536,2.528,7.35,3,2,6,6,18,12,2328.49
5.358,2.033,1.914,7.27,1,2,7,2,7,14,2337.31
5.377,2.029,1.908,8.41,1,2,7,2,7,14,2344.28
5.377,2.029,1.908,8.41,1,2,7,2,7,14,2344.57
5.612,1.835,3.109,6.33,1,2,6,2,6,12,2344.74
5.285,2.615,1.988,5.37,1,2,5,2,5,10,2348.87
5.285,2.615,1.988,5.37,1,2,5,2,5,10,2349.69
5.612,1.835,3.109,6.33,1,2,6,2,6,12,2349.95
5.434,2.034,1.909,8.07,1,2,6,2,6,12,2366.58
5.434,2.034,1.909,8.07,1,2,6,2,6,12,2367.62
5.061,2.972,2.352,6.12,4,2,6,8,24,12,2370.23
5.326,3.154,1.688,9.5,1,2,5,2,5,10,2374.25
5.061,2.972,2.352,6.12,4,2,6,8,24,12,2376.11
5.326,3.154,1.688,9.5,1,2,5,2,5,10,2379.43
5.375,2.602,2.617,3.98,1,2,6,2,6,12,2401.64
5.375,2.602,2.617,3.98,1,2,6,2,6,12,2405.53
5.292,3.154,1.693,3.37,1,2,7,2,7,14,2406.59
5.292,3.154,1.693,3.37,1,2,7,2,7,14,2408.89
5.379,2.618,1.984,5.04,1,2,6,2,6,12,2456.92
5.379,2.618,1.984,5.04,1,2,6,2,6,12,2463.96
5.306,2.619,1.985,7.29,1,2,6,2,6,12,2466.58
5.387,2.604,2.618,6.02,1,2,6,2,6,12,2477.79
5.387,2.604,2.618,6.02,1,2,6,2,6,12,2483.46
5.348,3.149,1.694,4.09,1,2,6,2,6,12,2506.53
